id,field,mngt_soil,run,type,nest_pa,nest_id,scale,sqa_cov_crop,sqa_cov_moss,sqa_cov_litter,sqa_cov_weed,sqa_cov_bare,sqa_veg_height
1,LuHe01,NT,1,Control,0,NA,1m,51,0,4,8,37,39
1,LuHe01,NT,1,Control,0,NA,10cm,71,0,4,7,18,29
2,LuHe01,NT,1,Control,0,NA,1m,24,0,1,11,64,25
2,LuHe01,NT,1,Control,0,NA,10cm,4,0,0,0,96,14
3,LuHe01,NT,1,Control,0,NA,1m,27,0,2,0,71,30
3,LuHe01,NT,1,Control,0,NA,10cm,49,0,0,2,49,30
4,LuHe01,NT,1,Control,0,NA,1m,15,0,3,8,74,26
4,LuHe01,NT,1,Control,0,NA,10cm,5,0,6,0,89,10
5,LuHe01,NT,1,Control,0,NA,1m,51,0,2,0,47,37
5,LuHe01,NT,1,Control,0,NA,10cm,62,0,2,0,36,26
6,LuHe01,NT,1,Control,0,NA,1m,39,0,1,1,59,32
6,LuHe01,NT,1,Control,0,NA,10cm,2,0,4,0,94,0
7,LuHe01,NT,1,Control,0,NA,1m,40,0,2,12,46,40
7,LuHe01,NT,1,Control,0,NA,10cm,91,0,0,0,9,33
8,LuHe01,NT,1,Control,0,NA,1m,39,0,3,8,50,39
8,LuHe01,NT,1,Control,0,NA,10cm,85,0,0,0,15,30
9,LuHe01,NT,1,Control,0,NA,1m,20,0,0,17,63,28
9,LuHe01,NT,1,Control,0,NA,10cm,28,0,0,0,72,21
10,LuHe01,NT,1,Control,0,NA,1m,47,0,0,8,45,35
10,LuHe01,NT,1,Control,0,NA,10cm,95,0,0,0,5,33
1,JoDe01,CT,1,Control,0,NA,1m,51,0,0,6,43,36
1,JoDe01,CT,1,Control,0,NA,10cm,96,0,0,0,4,31
2,JoDe01,CT,1,Control,0,NA,1m,56,0,0,5,39,34
2,JoDe01,CT,1,Control,0,NA,10cm,68,0,0,0,32,30
3,JoDe01,CT,1,Control,0,NA,1m,68,0,0,4,28,39
3,JoDe01,CT,1,Control,0,NA,10cm,65,0,0,3,32,34
4,JoDe01,CT,1,Control,0,NA,1m,65,0,0,5,30,35
4,JoDe01,CT,1,Control,0,NA,10cm,80,0,0,0,20,27
5,JoDe01,CT,1,Control,0,NA,1m,72,0,0,0,28,38
5,JoDe01,CT,1,Control,0,NA,10cm,60,0,0,0,40,36
6,JoDe01,CT,1,Control,0,NA,1m,70,0,0,16,14,40
6,JoDe01,CT,1,Control,0,NA,10cm,83,0,0,0,17,35
7,JoDe01,CT,1,Control,0,NA,1m,56,0,0,10,34,33
7,JoDe01,CT,1,Control,0,NA,10cm,73,0,0,12,15,25
8,JoDe01,CT,1,Control,0,NA,1m,47,0,0,28,25,37
8,JoDe01,CT,1,Control,0,NA,10cm,12,0,0,47,41,12
9,JoDe01,CT,1,Control,0,NA,1m,63,0,0,11,26,36
9,JoDe01,CT,1,Control,0,NA,10cm,67,0,0,0,33,28
10,JoDe01,CT,1,Control,0,NA,1m,43,0,0,17,40,32
10,JoDe01,CT,1,Control,0,NA,10cm,81,0,0,0,19,28
1,StTe05,NT,1,Control,0,NA,1m,20,0,16,2,62,20
1,StTe05,NT,1,Control,0,NA,10cm,6,0,6,0,88,17
2,StTe05,NT,1,Control,0,NA,1m,12,0,45,6,37,19
2,StTe05,NT,1,Control,0,NA,10cm,5,0,41,0,54,12
3,StTe05,NT,1,Control,0,NA,1m,21,0,17,0,62,21
3,StTe05,NT,1,Control,0,NA,10cm,23,0,8,0,69,9
4,StTe05,NT,1,Control,0,NA,1m,22,0,6,4,68,25
4,StTe05,NT,1,Control,0,NA,10cm,1,0,19,3,77,3
5,StTe05,NT,1,Control,0,NA,1m,24,0,55,1,20,21
5,StTe05,NT,1,Control,0,NA,10cm,26,0,55,0,19,16
6,StTe05,NT,1,Control,0,NA,1m,18,0,15,4,63,23
6,StTe05,NT,1,Control,0,NA,10cm,13,0,24,0,63,17
7,StTe05,NT,1,Control,0,NA,1m,16,0,13,8,63,22
7,StTe05,NT,1,Control,0,NA,10cm,79,0,7,0,14,20
8,StTe05,NT,1,Control,0,NA,1m,10,0,53,4,33,19
8,StTe05,NT,1,Control,0,NA,10cm,7,0,30,0,63,15
9,StTe05,NT,1,Control,0,NA,1m,5,0,8,1,86,21
9,StTe05,NT,1,Control,0,NA,10cm,0,0,24,0,76,0
10,StTe05,NT,1,Control,0,NA,1m,11,0,12,0,77,17
10,StTe05,NT,1,Control,0,NA,10cm,19,0,11,0,70,12
1,SeCr01,CT,1,Nest,1,SeCr01_FIT_1.1,1m,28,0,0,0,72,17
1,SeCr01,CT,1,Nest,1,SeCr01_FIT_1.1,10cm,30,0,0,0,70,9
2,SeCr01,CT,1,Nest,1,SeCr01_FIT_1.2,1m,26,0,0,0,74,19
2,SeCr01,CT,1,Nest,1,SeCr01_FIT_1.2,10cm,29,0,0,0,71,8
3,SeCr01,CT,1,Nest,1,SeCr01_FIT_1.3,1m,24,0,0,3,73,16
3,SeCr01,CT,1,Nest,1,SeCr01_FIT_1.3,10cm,48,0,0,0,52,14
4,SeCr01,CT,1,Nest,1,SeCr01_FIT_1.4,1m,21,0,0,0,79,15
4,SeCr01,CT,1,Nest,1,SeCr01_FIT_1.4,10cm,28,0,0,0,72,10
5,SeCr01,CT,1,Nest,1,SeCr01_FIT_1.5,1m,14,0,0,0,86,15
5,SeCr01,CT,1,Nest,1,SeCr01_FIT_1.5,10cm,26,0,0,0,74,12
6,SeCr01,CT,1,Nest,1,SeCr01_FIT_1.6,1m,22,0,0,0,78,16
6,SeCr01,CT,1,Nest,1,SeCr01_FIT_1.6,10cm,19,0,0,0,81,10
7,SeCr01,CT,1,Nest,1,SeCr01_FIT_1.7,1m,18,0,2,0,80,18
7,SeCr01,CT,1,Nest,1,SeCr01_FIT_1.7,10cm,18,0,0,0,82,7
8,SeCr01,CT,1,Nest,1,SeCr01_FIT_1.8,1m,23,0,0,1,76,17
8,SeCr01,CT,1,Nest,1,SeCr01_FIT_1.8,10cm,25,0,0,0,75,11
1,SeCr01,CT,1,Control,0,NA,1m,24,0,0,2,74,15
1,SeCr01,CT,1,Control,0,NA,10cm,26,0,0,0,74,10
2,SeCr01,CT,1,Control,0,NA,1m,16,0,0,2,82,14
2,SeCr01,CT,1,Control,0,NA,10cm,11,0,0,0,89,9
3,SeCr01,CT,1,Control,0,NA,1m,18,0,0,0,82,16
3,SeCr01,CT,1,Control,0,NA,10cm,3,0,0,0,97,0
4,SeCr01,CT,1,Control,0,NA,1m,16,0,0,0,84,15
4,SeCr01,CT,1,Control,0,NA,10cm,27,0,0,0,73,12
5,SeCr01,CT,1,Control,0,NA,1m,9,0,0,0,91,17
5,SeCr01,CT,1,Control,0,NA,10cm,20,0,0,0,80,7
6,SeCr01,CT,1,Control,0,NA,1m,20,0,0,0,80,13
6,SeCr01,CT,1,Control,0,NA,10cm,14,0,0,0,86,9
7,SeCr01,CT,1,Control,0,NA,1m,15,0,0,0,85,15
7,SeCr01,CT,1,Control,0,NA,10cm,3,5,0,0,92,2
8,SeCr01,CT,1,Control,0,NA,1m,25,0,0,1,74,15
8,SeCr01,CT,1,Control,0,NA,10cm,26,0,0,0,74,9
9,SeCr01,CT,1,Control,0,NA,1m,17,0,0,0,83,14
9,SeCr01,CT,1,Control,0,NA,10cm,10,0,0,0,90,8
10,SeCr01,CT,1,Control,0,NA,1m,20,0,0,3,77,17
10,SeCr01,CT,1,Control,0,NA,10cm,13,0,0,0,87,9
1,JaBu01,NT,1,Control,0,NA,1m,30,4,28,0,38,17
1,JaBu01,NT,1,Control,0,NA,10cm,51,0,45,0,4,11
2,JaBu01,NT,1,Control,0,NA,1m,30,2,20,4,44,20
2,JaBu01,NT,1,Control,0,NA,10cm,36,0,52,2,10,13
3,JaBu01,NT,1,Control,0,NA,1m,31,2,15,4,48,17
3,JaBu01,NT,1,Control,0,NA,10cm,24,0,20,4,52,8
4,JaBu01,NT,1,Control,0,NA,1m,27,4,32,4,33,26
4,JaBu01,NT,1,Control,0,NA,10cm,2,0,61,5,32,3
5,JaBu01,NT,1,Control,0,NA,1m,29,2,24,4,41,16
5,JaBu01,NT,1,Control,0,NA,10cm,52,0,28,0,20,8
6,JaBu01,NT,1,Control,0,NA,1m,29,2,14,9,46,34
6,JaBu01,NT,1,Control,0,NA,10cm,28,3,26,6,37,10
7,JaBu01,NT,1,Control,0,NA,1m,37,1,10,15,37,27
7,JaBu01,NT,1,Control,0,NA,10cm,31,0,19,1,49,6
8,JaBu01,NT,1,Control,0,NA,1m,22,2,19,0,57,15
8,JaBu01,NT,1,Control,0,NA,10cm,11,0,21,1,67,10
9,JaBu01,NT,1,Control,0,NA,1m,30,1,27,5,37,22
9,JaBu01,NT,1,Control,0,NA,10cm,58,0,15,0,27,15
10,JaBu01,NT,1,Control,0,NA,1m,24,3,35,8,30,18
10,JaBu01,NT,1,Control,0,NA,10cm,40,0,36,0,24,12
1,JaBu01,NT,1,Nest,1,JaBu01_FIT_1.1,1m,22,3,11,0,64,21
1,JaBu01,NT,1,Nest,1,JaBu01_FIT_1.1,10cm,8,0,6,2,84,9
1,SyPi01,CT,1,Control,0,NA,1m,22,0,1,0,77,20
1,SyPi01,CT,1,Control,0,NA,10cm,17,0,0,0,83,13
2,SyPi01,CT,1,Control,0,NA,1m,17,0,2,1,80,18
2,SyPi01,CT,1,Control,0,NA,10cm,24,0,0,0,76,11
3,SyPi01,CT,1,Control,0,NA,1m,25,0,0,0,75,17
3,SyPi01,CT,1,Control,0,NA,10cm,12,0,0,0,88,7
4,SyPi01,CT,1,Control,0,NA,1m,24,0,0,3,73,18
4,SyPi01,CT,1,Control,0,NA,10cm,9,0,0,0,91,13
5,SyPi01,CT,1,Control,0,NA,1m,26,0,0,0,74,16
5,SyPi01,CT,1,Control,0,NA,10cm,24,0,0,0,76,11
6,SyPi01,CT,1,Control,0,NA,1m,18,0,1,2,79,15
6,SyPi01,CT,1,Control,0,NA,10cm,3,0,0,2,95,1
7,SyPi01,CT,1,Control,0,NA,1m,28,0,0,0,72,19
7,SyPi01,CT,1,Control,0,NA,10cm,15,0,0,1,84,7
8,SyPi01,CT,1,Control,0,NA,1m,10,0,0,1,89,16
8,SyPi01,CT,1,Control,0,NA,10cm,15,0,1,0,84,9
9,SyPi01,CT,1,Control,0,NA,1m,23,0,0,4,73,19
9,SyPi01,CT,1,Control,0,NA,10cm,26,0,2,14,58,14
10,SyPi01,CT,1,Control,0,NA,1m,12,0,1,0,87,17
10,SyPi01,CT,1,Control,0,NA,10cm,20,0,0,0,80,5
1,JoMe02,CT,1,Nest,1,JoMe02_FIT_1.1,1m,23,0,0,0,77,22
1,JoMe02,CT,1,Nest,1,JoMe02_FIT_1.1,10cm,3,2,0,0,95,4
2,JoMe02,CT,1,Nest,1,JoMe02_FIT_1.2,1m,26,0,0,2,72,23
2,JoMe02,CT,1,Nest,1,JoMe02_FIT_1.2,10cm,15,0,0,2,83,19
1,JoMe02,CT,1,Control,0,NA,1m,52,0,0,4,44,28
1,JoMe02,CT,1,Control,0,NA,10cm,26,0,0,0,74,5
2,JoMe02,CT,1,Control,0,NA,1m,59,0,0,0,41,30
2,JoMe02,CT,1,Control,0,NA,10cm,74,0,0,0,26,24
3,JoMe02,CT,1,Control,0,NA,1m,63,0,0,0,37,33
3,JoMe02,CT,1,Control,0,NA,10cm,79,0,0,0,21,25
4,JoMe02,CT,1,Control,0,NA,1m,56,0,0,2,42,34
4,JoMe02,CT,1,Control,0,NA,10cm,59,0,0,0,41,31
5,JoMe02,CT,1,Control,0,NA,1m,65,0,0,0,35,31
5,JoMe02,CT,1,Control,0,NA,10cm,72,0,0,0,28,25
6,JoMe02,CT,1,Control,0,NA,1m,26,0,0,0,74,25
6,JoMe02,CT,1,Control,0,NA,10cm,28,0,0,0,72,19
7,JoMe02,CT,1,Control,0,NA,1m,52,0,0,4,44,33
7,JoMe02,CT,1,Control,0,NA,10cm,77,0,0,0,23,25
8,JoMe02,CT,1,Control,0,NA,1m,24,0,0,0,76,26
8,JoMe02,CT,1,Control,0,NA,10cm,12,0,0,2,86,15
9,JoMe02,CT,1,Control,0,NA,1m,23,0,0,1,76,23
9,JoMe02,CT,1,Control,0,NA,10cm,2,0,0,1,97,1
10,JoMe02,CT,1,Control,0,NA,1m,61,0,0,5,34,32
10,JoMe02,CT,1,Control,0,NA,10cm,63,0,0,0,37,22
1,ChFa03,NT,1,Nest,1,ChFa03_FIT_1.1,1m,12,0,9,0,79,29
1,ChFa03,NT,1,Nest,1,ChFa03_FIT_1.1,10cm,7,0,3,1,89,9
3,ChFa03,NT,1,Nest,1,ChFa03_FIT_1.3,1m,10,0,3,5,82,30
3,ChFa03,NT,1,Nest,1,ChFa03_FIT_1.3,10cm,2,7,0,0,91,1
4,ChFa03,NT,1,Nest,1,ChFa03_FIT_1.4,1m,16,1,12,2,69,31
4,ChFa03,NT,1,Nest,1,ChFa03_FIT_1.4,10cm,10,0,26,0,64,10
5,ChFa03,NT,1,Nest,1,ChFa03_FIT_1.5,1m,17,2,8,10,63,29
5,ChFa03,NT,1,Nest,1,ChFa03_FIT_1.5,10cm,8,0,2,1,89,23
6,ChFa03,NT,1,Nest,1,ChFa03_FIT_1.6,1m,21,0,15,0,64,33
6,ChFa03,NT,1,Nest,1,ChFa03_FIT_1.6,10cm,15,0,10,0,75,0
7,ChFa03,NT,1,Nest,1,ChFa03_FIT_1.7,1m,30,0,4,0,66,34
7,ChFa03,NT,1,Nest,1,ChFa03_FIT_1.7,10cm,23,0,3,37,37,16
8,ChFa03,NT,1,Nest,1,ChFa03_FIT_1.8,1m,26,0,11,8,55,33
8,ChFa03,NT,1,Nest,1,ChFa03_FIT_1.8,10cm,3,0,2,3,92,25
9,ChFa03,NT,1,Nest,1,ChFa03_FIT_1.9,1m,26,0,21,1,52,29
9,ChFa03,NT,1,Nest,1,ChFa03_FIT_1.9,10cm,3,0,21,3,73,3
11,ChFa03,NT,1,Nest,1,ChFa03_FIT_1.11,1m,32,0,27,4,37,37
11,ChFa03,NT,1,Nest,1,ChFa03_FIT_1.11,10cm,3,0,2,0,95,0
12,ChFa03,NT,1,Nest,1,ChFa03_FIT_1.12,1m,15,0,37,4,44,32
12,ChFa03,NT,1,Nest,1,ChFa03_FIT_1.12,10cm,7,0,23,0,70,11
13,ChFa03,NT,1,Nest,1,ChFa03_FIT_1.13,1m,26,0,42,0,32,31
13,ChFa03,NT,1,Nest,1,ChFa03_FIT_1.13,10cm,3,0,24,0,73,2
1,ChFa03,NT,1,Control,0,NA,1m,18,0,8,0,74,35
1,ChFa03,NT,1,Control,0,NA,10cm,4,0,6,0,90,0
2,ChFa03,NT,1,Control,0,NA,1m,25,0,10,0,65,36
2,ChFa03,NT,1,Control,0,NA,10cm,22,0,4,0,74,21
3,ChFa03,NT,1,Control,0,NA,1m,30,0,10,2,58,38
3,ChFa03,NT,1,Control,0,NA,10cm,24,0,10,0,66,31
4,ChFa03,NT,1,Control,0,NA,1m,31,0,6,2,61,33
4,ChFa03,NT,1,Control,0,NA,10cm,61,0,2,0,37,31
5,ChFa03,NT,1,Control,0,NA,1m,35,0,12,1,52,35
5,ChFa03,NT,1,Control,0,NA,10cm,5,0,3,3,89,5
6,ChFa03,NT,1,Control,0,NA,1m,19,0,15,0,66,32
6,ChFa03,NT,1,Control,0,NA,10cm,5,0,10,0,85,5
7,ChFa03,NT,1,Control,0,NA,1m,22,0,22,0,56,33
7,ChFa03,NT,1,Control,0,NA,10cm,1,0,53,0,46,1.5
8,ChFa03,NT,1,Control,0,NA,1m,32,0,3,8,57,36
8,ChFa03,NT,1,Control,0,NA,10cm,82,0,4,0,14,34
9,ChFa03,NT,1,Control,0,NA,1m,23,0,7,2,68,30
9,ChFa03,NT,1,Control,0,NA,10cm,65,0,4,0,31,26
10,ChFa03,NT,1,Control,0,NA,1m,25,0,6,2,67,32
10,ChFa03,NT,1,Control,0,NA,10cm,7,0,26,0,67,27
1,YvCh03,NT,1,Control,0,NA,1m,48,0,35,0,17,38
1,YvCh03,NT,1,Control,0,NA,10cm,70,0,22,0,8,36
2,YvCh03,NT,1,Control,0,NA,1m,43,0,28,0,29,33
2,YvCh03,NT,1,Control,0,NA,10cm,65,0,18,0,17,29
3,YvCh03,NT,1,Control,0,NA,1m,39,0,41,0,20,32
3,YvCh03,NT,1,Control,0,NA,10cm,81,0,9,0,10,19
4,YvCh03,NT,1,Control,0,NA,1m,51,0,29,0,20,35
4,YvCh03,NT,1,Control,0,NA,10cm,29,0,62,0,9,28
5,YvCh03,NT,1,Control,0,NA,1m,54,0,26,0,20,36
5,YvCh03,NT,1,Control,0,NA,10cm,71,0,18,0,11,32
6,YvCh03,NT,1,Control,0,NA,1m,43,0,22,2,33,32
6,YvCh03,NT,1,Control,0,NA,10cm,0,0,52,0,48,0
7,YvCh03,NT,1,Control,0,NA,1m,50,0,19,0,31,32
7,YvCh03,NT,1,Control,0,NA,10cm,26,0,68,0,6,28
8,YvCh03,NT,1,Control,0,NA,1m,57,0,27,0,16,39
8,YvCh03,NT,1,Control,0,NA,10cm,67,0,11,0,22,33
9,YvCh03,NT,1,Control,0,NA,1m,49,0,28,2,21,35
9,YvCh03,NT,1,Control,0,NA,10cm,32,0,45,0,23,27
10,YvCh03,NT,1,Control,0,NA,1m,57,0,30,0,13,41
10,YvCh03,NT,1,Control,0,NA,10cm,71,0,20,0,9,34
1,DeJo03,CT,1,Control,0,NA,1m,40,0,0,2,58,38
1,DeJo03,CT,1,Control,0,NA,10cm,1,0,0,0,99,0
2,DeJo03,CT,1,Control,0,NA,1m,54,0,0,0,46,35
2,DeJo03,CT,1,Control,0,NA,10cm,52,0,0,0,48,35
3,DeJo03,CT,1,Control,0,NA,1m,63,0,0,0,37,36
3,DeJo03,CT,1,Control,0,NA,10cm,54,0,0,0,46,29
4,DeJo03,CT,1,Control,0,NA,1m,53,0,0,0,47,34
4,DeJo03,CT,1,Control,0,NA,10cm,12,0,4,0,84,0
5,DeJo03,CT,1,Control,0,NA,1m,63,0,0,2,35,38
5,DeJo03,CT,1,Control,0,NA,10cm,77,0,0,0,23,37
6,DeJo03,CT,1,Control,0,NA,1m,55,0,0,2,43,38
6,DeJo03,CT,1,Control,0,NA,10cm,22,0,0,0,78,28
7,DeJo03,CT,1,Control,0,NA,1m,53,0,0,4,43,34
7,DeJo03,CT,1,Control,0,NA,10cm,65,0,0,0,35,31
8,DeJo03,CT,1,Control,0,NA,1m,61,0,0,0,39,35
8,DeJo03,CT,1,Control,0,NA,10cm,46,0,0,0,54,35
9,DeJo03,CT,1,Control,0,NA,1m,64,0,0,2,34,35
9,DeJo03,CT,1,Control,0,NA,10cm,70,0,0,8,22,32
10,DeJo03,CT,1,Control,0,NA,1m,49,0,0,8,43,30
10,DeJo03,CT,1,Control,0,NA,10cm,61,0,0,0,39,29
1,PaWe05,NT,1,Nest,1,PaWe05_FIT_1.1,1m,24,0,11,0,65,20
1,PaWe05,NT,1,Nest,1,PaWe05_FIT_1.1,10cm,10,0,5,0,85,18
3,PaWe05,NT,1,Nest,1,PaWe05_FIT_1.3,1m,1,0,13,1,85,10
3,PaWe05,NT,1,Nest,1,PaWe05_FIT_1.3,10cm,0,0,5,1,94,2
4,PaWe05,NT,1,Nest,1,PaWe05_FIT_1.4,1m,2,0,13,1,84,9
4,PaWe05,NT,1,Nest,1,PaWe05_FIT_1.4,10cm,1,0,1,0,98,0.5
5,PaWe05,NT,1,Nest,1,PaWe05_FIT_1.5,1m,2,0,16,0,82,10
5,PaWe05,NT,1,Nest,1,PaWe05_FIT_1.5,10cm,0,0,1,2,97,1.5
1,PaWe05,NT,1,Control,0,NA,1m,24,0,15,0,61,17
1,PaWe05,NT,1,Control,0,NA,10cm,7,0,10,1,82,4
2,PaWe05,NT,1,Control,0,NA,1m,17,0,8,0,75,13
2,PaWe05,NT,1,Control,0,NA,10cm,3,0,0,0,97,2
3,PaWe05,NT,1,Control,0,NA,1m,15,0,8,1,76,14
3,PaWe05,NT,1,Control,0,NA,10cm,22,0,19,0,59,10
4,PaWe05,NT,1,Control,0,NA,1m,5,0,7,0,88,12
4,PaWe05,NT,1,Control,0,NA,10cm,7,0,8,0,85,8
5,PaWe05,NT,1,Control,0,NA,1m,1,0,17,0,82,10
5,PaWe05,NT,1,Control,0,NA,10cm,0,0,18,2,80,2.5
6,PaWe05,NT,1,Control,0,NA,1m,13,0,15,0,72,15
6,PaWe05,NT,1,Control,0,NA,10cm,1,0,6,2,91,5
7,PaWe05,NT,1,Control,0,NA,1m,11,0,8,0,81,13
7,PaWe05,NT,1,Control,0,NA,10cm,2,0,9,0,89,0
8,PaWe05,NT,1,Control,0,NA,1m,18,0,10,2,70,19
8,PaWe05,NT,1,Control,0,NA,10cm,27,0,7,0,66,11
9,PaWe05,NT,1,Control,0,NA,1m,18,0,15,2,65,17
9,PaWe05,NT,1,Control,0,NA,10cm,7,0,5,0,88,2
10,PaWe05,NT,1,Control,0,NA,1m,9,0,9,0,82,13
10,PaWe05,NT,1,Control,0,NA,10cm,17,0,14,0,69,12
1,JoMe05,CT,1,Control,0,NA,1m,32,0,0,2,66,21
1,JoMe05,CT,1,Control,0,NA,10cm,56,0,0,0,44,13
2,JoMe05,CT,1,Control,0,NA,1m,69,0,0,0,31,24
2,JoMe05,CT,1,Control,0,NA,10cm,65,0,0,1,34,17
3,JoMe05,CT,1,Control,0,NA,1m,42,0,0,1,57,21
3,JoMe05,CT,1,Control,0,NA,10cm,60,0,0,0,40,20
4,JoMe05,CT,1,Control,0,NA,1m,72,0,0,8,20,25
4,JoMe05,CT,1,Control,0,NA,10cm,78,0,0,0,22,20
5,JoMe05,CT,1,Control,0,NA,1m,59,0,0,2,39,23
5,JoMe05,CT,1,Control,0,NA,10cm,52,0,0,0,48,19
6,JoMe05,CT,1,Control,0,NA,1m,65,0,0,4,31,24
6,JoMe05,CT,1,Control,0,NA,10cm,52,0,0,10,38,20
7,JoMe05,CT,1,Control,0,NA,1m,49,0,0,1,50,21
7,JoMe05,CT,1,Control,0,NA,10cm,34,0,0,0,66,14
8,JoMe05,CT,1,Control,0,NA,1m,29,0,0,0,71,19
8,JoMe05,CT,1,Control,0,NA,10cm,4,0,1,0,95,4
9,JoMe05,CT,1,Control,0,NA,1m,16,0,0,1,83,18
9,JoMe05,CT,1,Control,0,NA,10cm,21,0,0,0,79,11
10,JoMe05,CT,1,Control,0,NA,1m,9,0,1,0,90,13
10,JoMe05,CT,1,Control,0,NA,10cm,8,0,0,0,92,7
1,PaWe03,NT,1,Control,0,NA,1m,44,0,11,16,29,30
1,PaWe03,NT,1,Control,0,NA,10cm,76,0,7,0,17,25
2,PaWe03,NT,1,Control,0,NA,1m,29,0,5,1,65,33
2,PaWe03,NT,1,Control,0,NA,10cm,2,0,2,0,96,4
3,PaWe03,NT,1,Control,0,NA,1m,68,0,10,0,22,35
3,PaWe03,NT,1,Control,0,NA,10cm,80,0,2,0,18,33
4,PaWe03,NT,1,Control,0,NA,1m,55,0,20,3,22,35
4,PaWe03,NT,1,Control,0,NA,10cm,49,0,10,0,41,21
5,PaWe03,NT,1,Control,0,NA,1m,44,0,4,0,52,34
5,PaWe03,NT,1,Control,0,NA,10cm,6,0,15,0,79,5
6,PaWe03,NT,1,Control,0,NA,1m,49,0,9,10,32,32
6,PaWe03,NT,1,Control,0,NA,10cm,76,0,5,9,10,32
7,PaWe03,NT,1,Control,0,NA,1m,54,2,8,4,32,35
7,PaWe03,NT,1,Control,0,NA,10cm,2,0,12,1,85,0
8,PaWe03,NT,1,Control,0,NA,1m,39,0,9,6,46,32
8,PaWe03,NT,1,Control,0,NA,10cm,49,0,5,1,45,24
9,PaWe03,NT,1,Control,0,NA,1m,50,0,15,1,34,33
9,PaWe03,NT,1,Control,0,NA,10cm,20,0,51,0,29,33
10,PaWe03,NT,1,Control,0,NA,1m,48,0,8,4,40,35
10,PaWe03,NT,1,Control,0,NA,10cm,2,0,21,1,76,2
1,DeJo07,CT,1,Control,0,NA,1m,45,0,0,4,51,31
1,DeJo07,CT,1,Control,0,NA,10cm,55,0,6,0,39,29
2,DeJo07,CT,1,Control,0,NA,1m,42,0,0,6,52,32
2,DeJo07,CT,1,Control,0,NA,10cm,80,0,0,0,20,31
3,DeJo07,CT,1,Control,0,NA,1m,49,0,0,4,47,32
3,DeJo07,CT,1,Control,0,NA,10cm,41,0,0,6,53,28
4,DeJo07,CT,1,Control,0,NA,1m,48,0,0,7,45,31
4,DeJo07,CT,1,Control,0,NA,10cm,28,0,0,0,72,31
5,DeJo07,CT,1,Control,0,NA,1m,39,0,0,5,56,33
5,DeJo07,CT,1,Control,0,NA,10cm,71,0,0,0,29,30
6,DeJo07,CT,1,Control,0,NA,1m,51,0,0,9,40,35
6,DeJo07,CT,1,Control,0,NA,10cm,81,0,0,0,19,33
7,DeJo07,CT,1,Control,0,NA,1m,43,0,0,15,42,31
7,DeJo07,CT,1,Control,0,NA,10cm,25,0,0,18,57,24
8,DeJo07,CT,1,Control,0,NA,1m,45,0,0,9,46,32
8,DeJo07,CT,1,Control,0,NA,10cm,53,0,0,6,41,24
9,DeJo07,CT,1,Control,0,NA,1m,34,0,0,6,60,34
9,DeJo07,CT,1,Control,0,NA,10cm,59,0,0,0,41,28
10,DeJo07,CT,1,Control,0,NA,1m,32,0,0,5,63,32
10,DeJo07,CT,1,Control,0,NA,10cm,1,0,0,1,98,1.5
3,DeJo07,CT,1,Nest,1,DeJo07_FIT_1.3,1m,39,0,0,5,56,27
3,DeJo07,CT,1,Nest,1,DeJo07_FIT_1.3,10cm,20,0,0,0,80,2
4,DeJo07,CT,1,Nest,1,DeJo07_FIT_1.4,1m,41,0,0,7,52,33
4,DeJo07,CT,1,Nest,1,DeJo07_FIT_1.4,10cm,5,0,0,15,80,4
5,DeJo07,CT,1,Nest,1,DeJo07_FIT_1.5,1m,31,0,0,6,63,30
5,DeJo07,CT,1,Nest,1,DeJo07_FIT_1.5,10cm,1,0,0,2,97,1.5
6,DeJo07,CT,1,Nest,1,DeJo07_FIT_1.6,1m,39,0,0,4,57,30
6,DeJo07,CT,1,Nest,1,DeJo07_FIT_1.6,10cm,3,0,0,2,95,1.5
7,DeJo07,CT,1,Nest,1,DeJo07_FIT_1.7,1m,31,0,0,4,65,33
7,DeJo07,CT,1,Nest,1,DeJo07_FIT_1.7,10cm,3,0,0,11,86,4
8,DeJo07,CT,1,Nest,1,DeJo07_FIT_1.8,1m,31,0,0,5,64,34
8,DeJo07,CT,1,Nest,1,DeJo07_FIT_1.8,10cm,2,0,0,1,97,2
1,RaMe03,NT,1,Control,0,NA,1m,33,0,4,9,54,27
1,RaMe03,NT,1,Control,0,NA,10cm,83,0,3,4,10,28
2,RaMe03,NT,1,Control,0,NA,1m,30,3,0,5,62,29
2,RaMe03,NT,1,Control,0,NA,10cm,10,3,3,0,84,21
3,RaMe03,NT,1,Control,0,NA,1m,31,0,2,4,63,27
3,RaMe03,NT,1,Control,0,NA,10cm,78,0,0,0,22,22
4,RaMe03,NT,1,Control,0,NA,1m,35,0,0,15,50,34
4,RaMe03,NT,1,Control,0,NA,10cm,52,0,0,5,43,29
5,RaMe03,NT,1,Control,0,NA,1m,32,0,2,8,58,32
5,RaMe03,NT,1,Control,0,NA,10cm,27,0,2,12,59,32
6,RaMe03,NT,1,Control,0,NA,1m,37,0,2,12,49,33
6,RaMe03,NT,1,Control,0,NA,10cm,10,0,5,21,64,16
7,RaMe03,NT,1,Control,0,NA,1m,39,0,4,3,54,33
7,RaMe03,NT,1,Control,0,NA,10cm,49,0,6,0,45,31
8,RaMe03,NT,1,Control,0,NA,1m,30,0,5,13,52,27
8,RaMe03,NT,1,Control,0,NA,10cm,30,0,8,0,62,21
9,RaMe03,NT,1,Control,0,NA,1m,38,0,2,19,41,32
9,RaMe03,NT,1,Control,0,NA,10cm,3,0,6,26,65,5
10,RaMe03,NT,1,Control,0,NA,1m,43,0,0,21,36,34
10,RaMe03,NT,1,Control,0,NA,10cm,44,0,0,13,43,30
1,AnCa01,CT,1,Nest,1,AnCa01_FIT_1.1,1m,15,0,0,2,83,19
1,AnCa01,CT,1,Nest,1,AnCa01_FIT_1.1,10cm,5,0,0,1,94,13
2,AnCa01,CT,1,Nest,1,AnCa01_FIT_1.2,1m,22,0,0,1,77,18
2,AnCa01,CT,1,Nest,1,AnCa01_FIT_1.2,10cm,2,0,0,2,96,2
3,AnCa01,CT,1,Nest,1,AnCa01_FIT_1.3,1m,20,0,0,2,78,21
3,AnCa01,CT,1,Nest,1,AnCa01_FIT_1.3,10cm,1,0,0,2,97,6
5,AnCa01,CT,1,Nest,1,AnCa01_FIT_1.5,1m,21,0,0,5,74,20
5,AnCa01,CT,1,Nest,1,AnCa01_FIT_1.5,10cm,10,0,0,3,87,11
6,AnCa01,CT,1,Nest,1,AnCa01_FIT_1.6,1m,22,0,0,5,73,22
6,AnCa01,CT,1,Nest,1,AnCa01_FIT_1.6,10cm,4,0,0,0,96,16
7,AnCa01,CT,1,Nest,1,AnCa01_FIT_1.7,1m,21,0,0,8,71,19
7,AnCa01,CT,1,Nest,1,AnCa01_FIT_1.7,10cm,12,0,0,9,79,12
8,AnCa01,CT,1,Nest,1,AnCa01_FIT_1.8,1m,23,0,0,7,70,21
8,AnCa01,CT,1,Nest,1,AnCa01_FIT_1.8,10cm,7,0,0,7,86,10
9,AnCa01,CT,1,Nest,1,AnCa01_FIT_1.9,1m,14,0,0,4,82,19
9,AnCa01,CT,1,Nest,1,AnCa01_FIT_1.9,10cm,11,0,0,4,85,14
12,AnCa01,CT,1,Nest,1,AnCa01_FIT_1.12,1m,15,0,0,2,83,20
12,AnCa01,CT,1,Nest,1,AnCa01_FIT_1.12,10cm,17,0,0,0,83,19
13,AnCa01,CT,1,Nest,1,AnCa01_FIT_1.13,1m,30,0,0,2,68,22
13,AnCa01,CT,1,Nest,1,AnCa01_FIT_1.13,10cm,7,0,0,0,93,0
1,AnCa01,CT,1,Control,0,NA,1m,19,0,0,0,81,17
1,AnCa01,CT,1,Control,0,NA,10cm,8,0,0,0,92,14
2,AnCa01,CT,1,Control,0,NA,1m,12,0,0,1,87,19
2,AnCa01,CT,1,Control,0,NA,10cm,45,0,0,2,53,16
3,AnCa01,CT,1,Control,0,NA,1m,28,0,0,2,70,23
3,AnCa01,CT,1,Control,0,NA,10cm,6,0,0,28,66,16
4,AnCa01,CT,1,Control,0,NA,1m,29,0,0,1,70,21
4,AnCa01,CT,1,Control,0,NA,10cm,13,0,0,0,87,2
5,AnCa01,CT,1,Control,0,NA,1m,20,0,0,5,75,18
5,AnCa01,CT,1,Control,0,NA,10cm,21,0,0,3,76,13
6,AnCa01,CT,1,Control,0,NA,1m,21,0,0,3,76,22
6,AnCa01,CT,1,Control,0,NA,10cm,52,0,0,4,44,21
7,AnCa01,CT,1,Control,0,NA,1m,20,0,0,5,75,18
7,AnCa01,CT,1,Control,0,NA,10cm,15,0,0,7,78,12
8,AnCa01,CT,1,Control,0,NA,1m,19,0,0,6,75,22
8,AnCa01,CT,1,Control,0,NA,10cm,14,0,0,5,81,10
9,AnCa01,CT,1,Control,0,NA,1m,14,0,0,4,82,17
9,AnCa01,CT,1,Control,0,NA,10cm,1,0,0,7,92,2
10,AnCa01,CT,1,Control,0,NA,1m,18,0,0,6,76,22
10,AnCa01,CT,1,Control,0,NA,10cm,30,0,0,2,68,13
1,BlDe04,CT,2,Control,0,NA,1m,55,0,0,0,45,74
1,BlDe04,CT,2,Control,0,NA,10cm,46,0,0,0,54,45
2,BlDe04,CT,2,Control,0,NA,1m,51,0,0,0,49,73
2,BlDe04,CT,2,Control,0,NA,10cm,78,0,0,0,22,69
3,BlDe04,CT,2,Control,0,NA,1m,27,0,0,0,73,53
3,BlDe04,CT,2,Control,0,NA,10cm,1,0,0,0,99,0
4,BlDe04,CT,2,Control,0,NA,1m,41,0,0,0,59,57
4,BlDe04,CT,2,Control,0,NA,10cm,73,0,0,0,27,47
5,BlDe04,CT,2,Control,0,NA,1m,57,0,0,0,43,75
5,BlDe04,CT,2,Control,0,NA,10cm,55,0,0,0,45,73
6,BlDe04,CT,2,Control,0,NA,1m,51,0,0,0,49,73
6,BlDe04,CT,2,Control,0,NA,10cm,50,0,0,0,50,69
7,BlDe04,CT,2,Control,0,NA,1m,44,0,0,0,56,55
7,BlDe04,CT,2,Control,0,NA,10cm,37,0,0,0,63,38
8,BlDe04,CT,2,Control,0,NA,1m,57,0,0,0,43,64
8,BlDe04,CT,2,Control,0,NA,10cm,42,0,0,0,58,53
9,BlDe04,CT,2,Control,0,NA,1m,48,0,0,0,52,57
9,BlDe04,CT,2,Control,0,NA,10cm,19,0,0,0,81,36
10,BlDe04,CT,2,Control,0,NA,1m,61,0,0,0,39,75
10,BlDe04,CT,2,Control,0,NA,10cm,71,0,0,0,29,69
1,BlDe04,CT,2,Nest,1,BlDe04_FIT_2.1,1m,34,0,0,0,66,67
1,BlDe04,CT,2,Nest,1,BlDe04_FIT_2.1,10cm,20,0,0,0,80,58
2,BlDe04,CT,2,Nest,1,BlDe04_FIT_2.2,1m,38,0,0,0,62,62
2,BlDe04,CT,2,Nest,1,BlDe04_FIT_2.2,10cm,51,0,0,0,49,52
3,BlDe04,CT,2,Nest,1,BlDe04_FIT_2.3,1m,35,0,0,0,65,62
3,BlDe04,CT,2,Nest,1,BlDe04_FIT_2.3,10cm,47,0,0,0,53,51
4,BlDe04,CT,2,Nest,1,BlDe04_FIT_2.4,1m,39,0,0,0,61,72
4,BlDe04,CT,2,Nest,1,BlDe04_FIT_2.4,10cm,12,0,0,0,88,63
5,BlDe04,CT,2,Nest,1,BlDe04_FIT_2.5,1m,53,0,0,0,47,75
5,BlDe04,CT,2,Nest,1,BlDe04_FIT_2.5,10cm,12,0,0,0,88,61
1,DaDu05,NT,2,Control,0,NA,1m,42,0,8,0,50,52
1,DaDu05,NT,2,Control,0,NA,10cm,32,0,33,0,35,43
2,DaDu05,NT,2,Control,0,NA,1m,38,0,11,0,51,43
2,DaDu05,NT,2,Control,0,NA,10cm,29,0,0,0,71,35
3,DaDu05,NT,2,Control,0,NA,1m,19,0,4,2,75,44
3,DaDu05,NT,2,Control,0,NA,10cm,2,2,58,0,38,1
4,DaDu05,NT,2,Control,0,NA,1m,28,0,16,5,51,48
4,DaDu05,NT,2,Control,0,NA,10cm,15,0,30,12,43,36
5,DaDu05,NT,2,Control,0,NA,1m,28,0,6,4,62,42
5,DaDu05,NT,2,Control,0,NA,10cm,46,0,20,0,34,42
6,DaDu05,NT,2,Control,0,NA,1m,30,0,8,0,62,44
6,DaDu05,NT,2,Control,0,NA,10cm,2,0,3,0,95,0
7,DaDu05,NT,2,Control,0,NA,1m,39,0,19,3,39,47
7,DaDu05,NT,2,Control,0,NA,10cm,73,0,3,0,24,41
8,DaDu05,NT,2,Control,0,NA,1m,59,0,7,0,34,52
8,DaDu05,NT,2,Control,0,NA,10cm,5,0,43,0,52,5
9,DaDu05,NT,2,Control,0,NA,1m,51,0,12,1,36,51
9,DaDu05,NT,2,Control,0,NA,10cm,20,0,24,0,56,23
10,DaDu05,NT,2,Control,0,NA,1m,27,0,49,3,21,45
10,DaDu05,NT,2,Control,0,NA,10cm,62,0,23,0,15,35
1,RaMe03,NT,2,Control,0,NA,1m,44,0,2,14,40,60
1,RaMe03,NT,2,Control,0,NA,10cm,82,0,0,0,18,54
2,RaMe03,NT,2,Control,0,NA,1m,73,0,0,3,24,66
2,RaMe03,NT,2,Control,0,NA,10cm,95,0,0,0,5,65
3,RaMe03,NT,2,Control,0,NA,1m,44,0,0,8,48,58
3,RaMe03,NT,2,Control,0,NA,10cm,82,0,0,0,18,51
4,RaMe03,NT,2,Control,0,NA,1m,60,0,0,12,28,64
4,RaMe03,NT,2,Control,0,NA,10cm,4,0,0,70,26,7
5,RaMe03,NT,2,Control,0,NA,1m,47,0,0,4,49,56
5,RaMe03,NT,2,Control,0,NA,10cm,90,0,0,0,10,52
6,RaMe03,NT,2,Control,0,NA,1m,76,0,0,0,24,64
6,RaMe03,NT,2,Control,0,NA,10cm,81,0,0,0,19,56
7,RaMe03,NT,2,Control,0,NA,1m,72,0,0,11,17,67
7,RaMe03,NT,2,Control,0,NA,10cm,91,0,0,0,9,64
8,RaMe03,NT,2,Control,0,NA,1m,47,0,3,15,35,67
8,RaMe03,NT,2,Control,0,NA,10cm,26,0,0,26,48,45
9,RaMe03,NT,2,Control,0,NA,1m,60,2,4,12,22,64
9,RaMe03,NT,2,Control,0,NA,10cm,67,0,0,6,27,64
10,RaMe03,NT,2,Control,0,NA,1m,50,0,2,2,46,66
10,RaMe03,NT,2,Control,0,NA,10cm,79,0,0,0,21,42
1,AnCa01,CT,2,Control,0,NA,1m,35,0,0,3,62,54
1,AnCa01,CT,2,Control,0,NA,10cm,4,0,0,2,94,5
2,AnCa01,CT,2,Control,0,NA,1m,23,0,0,2,75,47
2,AnCa01,CT,2,Control,0,NA,10cm,28,0,0,0,72,32
3,AnCa01,CT,2,Control,0,NA,1m,45,0,0,1,54,56
3,AnCa01,CT,2,Control,0,NA,10cm,50,0,0,3,47,45
4,AnCa01,CT,2,Control,0,NA,1m,38,0,0,2,60,57
4,AnCa01,CT,2,Control,0,NA,10cm,23,0,0,0,77,43
5,AnCa01,CT,2,Control,0,NA,1m,48,0,0,3,49,52
5,AnCa01,CT,2,Control,0,NA,10cm,82,0,0,0,18,40
6,AnCa01,CT,2,Control,0,NA,1m,32,0,0,2,66,50
6,AnCa01,CT,2,Control,0,NA,10cm,35,0,0,7,58,35
7,AnCa01,CT,2,Control,0,NA,1m,26,0,0,2,72,60
7,AnCa01,CT,2,Control,0,NA,10cm,52,0,0,0,48,37
8,AnCa01,CT,2,Control,0,NA,1m,37,0,0,5,58,44
8,AnCa01,CT,2,Control,0,NA,10cm,69,0,0,0,31,36
9,AnCa01,CT,2,Control,0,NA,1m,25,0,0,2,73,45
9,AnCa01,CT,2,Control,0,NA,10cm,53,0,0,0,47,40
10,AnCa01,CT,2,Control,0,NA,1m,27,0,0,2,71,47
10,AnCa01,CT,2,Control,0,NA,10cm,42,0,0,0,58,38
1,AnCa01,CT,2,Nest,1,AnCa01_FIT_2.1,1m,19,0,0,2,79,51
1,AnCa01,CT,2,Nest,1,AnCa01_FIT_2.1,10cm,14,0,0,0,86,26
2,AnCa01,CT,2,Nest,1,AnCa01_FIT_2.2,1m,26,0,0,1,73,48
2,AnCa01,CT,2,Nest,1,AnCa01_FIT_2.2,10cm,32,0,0,0,68,37
3,AnCa01,CT,2,Nest,1,AnCa01_FIT_2.3,1m,21,0,0,2,77,49
3,AnCa01,CT,2,Nest,1,AnCa01_FIT_2.3,10cm,2,0,0,2,96,5
4,AnCa01,CT,2,Nest,1,AnCa01_FIT_2.4,1m,41,0,0,0,59,53
4,AnCa01,CT,2,Nest,1,AnCa01_FIT_2.4,10cm,72,0,0,0,28,50
5,AnCa01,CT,2,Nest,1,AnCa01_FIT_2.5,1m,28,0,0,3,69,46
5,AnCa01,CT,2,Nest,1,AnCa01_FIT_2.5,10cm,49,0,0,0,51,37
1,DaDu02,NT,2,Control,0,NA,1m,68,0,20,0,12,53
1,DaDu02,NT,2,Control,0,NA,10cm,49,0,30,0,21,45
2,DaDu02,NT,2,Control,0,NA,1m,43,0,28,5,24,47
2,DaDu02,NT,2,Control,0,NA,10cm,12,0,68,0,20,7
3,DaDu02,NT,2,Control,0,NA,1m,58,0,27,0,15,50
3,DaDu02,NT,2,Control,0,NA,10cm,64,0,18,0,18,33
4,DaDu02,NT,2,Control,0,NA,1m,80,0,8,0,12,54
4,DaDu02,NT,2,Control,0,NA,10cm,15,0,25,0,60,51
5,DaDu02,NT,2,Control,0,NA,1m,60,0,30,0,10,53
5,DaDu02,NT,2,Control,0,NA,10cm,68,0,18,0,14,47
6,DaDu02,NT,2,Control,0,NA,1m,33,0,25,0,42,50
6,DaDu02,NT,2,Control,0,NA,10cm,0,0,49,0,51,0
7,DaDu02,NT,2,Control,0,NA,1m,65,0,15,0,20,47
7,DaDu02,NT,2,Control,0,NA,10cm,41,0,20,0,39,43
8,DaDu02,NT,2,Control,0,NA,1m,60,0,23,0,17,49
8,DaDu02,NT,2,Control,0,NA,10cm,58,0,21,0,21,40
9,DaDu02,NT,2,Control,0,NA,1m,59,0,24,0,17,54
9,DaDu02,NT,2,Control,0,NA,10cm,15,0,39,0,46,37
10,DaDu02,NT,2,Control,0,NA,1m,69,0,17,0,14,56
10,DaDu02,NT,2,Control,0,NA,10cm,71,0,14,0,15,30
1,DaDu06,NT,2,Nest,1,DaDu06_FIT_2.1,1m,28,0,5,9,58,50
1,DaDu06,NT,2,Nest,1,DaDu06_FIT_2.1,10cm,14,0,13,15,58,38
2,DaDu06,NT,2,Nest,1,DaDu06_FIT_2.2,1m,38,0,4,0,58,51
2,DaDu06,NT,2,Nest,1,DaDu06_FIT_2.2,10cm,27,0,10,0,63,45
1,DaDu06,NT,2,Control,0,NA,1m,37,0,4,0,59,51
1,DaDu06,NT,2,Control,0,NA,10cm,70,0,5,0,25,46
2,DaDu06,NT,2,Control,0,NA,1m,32,0,3,0,65,41
2,DaDu06,NT,2,Control,0,NA,10cm,0,0,12,0,88,0
3,DaDu06,NT,2,Control,0,NA,1m,32,0,2,0,66,51
3,DaDu06,NT,2,Control,0,NA,10cm,79,0,0,0,21,47
4,DaDu06,NT,2,Control,0,NA,1m,61,0,0,4,35,54
4,DaDu06,NT,2,Control,0,NA,10cm,90,0,4,0,6,46
5,DaDu06,NT,2,Control,0,NA,1m,51,0,3,3,43,51
5,DaDu06,NT,2,Control,0,NA,10cm,10,0,0,2,88,0
6,DaDu06,NT,2,Control,0,NA,1m,67,0,4,0,29,54
6,DaDu06,NT,2,Control,0,NA,10cm,76,0,0,0,24,53
7,DaDu06,NT,2,Control,0,NA,1m,47,0,4,3,46,51
7,DaDu06,NT,2,Control,0,NA,10cm,25,0,30,0,45,42
8,DaDu06,NT,2,Control,0,NA,1m,57,0,2,0,41,52
8,DaDu06,NT,2,Control,0,NA,10cm,83,0,0,0,17,45
9,DaDu06,NT,2,Control,0,NA,1m,43,0,2,1,54,51
9,DaDu06,NT,2,Control,0,NA,10cm,81,0,0,0,19,44
10,DaDu06,NT,2,Control,0,NA,1m,47,0,5,4,44,54
10,DaDu06,NT,2,Control,0,NA,10cm,4,0,47,0,49,5
1,ChBo01,NT,2,Control,0,NA,1m,34,0,1,0,65,41
1,ChBo01,NT,2,Control,0,NA,10cm,0,0,5,0,95,0
2,ChBo01,NT,2,Control,0,NA,1m,32,0,2,14,52,41
2,ChBo01,NT,2,Control,0,NA,10cm,0,0,18,0,82,2
3,ChBo01,NT,2,Control,0,NA,1m,37,0,1,1,61,42
3,ChBo01,NT,2,Control,0,NA,10cm,94,0,0,0,6,37
4,ChBo01,NT,2,Control,0,NA,1m,35,0,0,4,61,40
4,ChBo01,NT,2,Control,0,NA,10cm,98,0,0,0,2,32
5,ChBo01,NT,2,Control,0,NA,1m,44,0,4,7,45,41
5,ChBo01,NT,2,Control,0,NA,10cm,50,0,10,15,25,35
6,ChBo01,NT,2,Control,0,NA,1m,56,0,5,0,39,43
6,ChBo01,NT,2,Control,0,NA,10cm,59,0,3,0,38,36
7,ChBo01,NT,2,Control,0,NA,1m,55,0,2,0,43,44
7,ChBo01,NT,2,Control,0,NA,10cm,96,0,0,0,4,38
8,ChBo01,NT,2,Control,0,NA,1m,28,0,4,7,61,39
8,ChBo01,NT,2,Control,0,NA,10cm,80,0,0,6,14,33
9,ChBo01,NT,2,Control,0,NA,1m,8,0,6,1,85,35
9,ChBo01,NT,2,Control,0,NA,10cm,2,0,31,1,66,1
10,ChBo01,NT,2,Control,0,NA,1m,56,0,7,0,37,45
10,ChBo01,NT,2,Control,0,NA,10cm,97,0,0,0,3,42
1,ChBo04,NT,2,Nest,1,ChBo04_FIT_2.1,1m,42,0,2,8,48,43
1,ChBo04,NT,2,Nest,1,ChBo04_FIT_2.1,10cm,3,0,6,10,81,8
2,ChBo04,NT,2,Nest,1,ChBo04_FIT_2.2,1m,32,0,2,1,65,42
2,ChBo04,NT,2,Nest,1,ChBo04_FIT_2.2,10cm,5,0,0,0,95,0
5,ChBo04,NT,2,Nest,1,ChBo04_FIT_2.5,1m,37,0,3,0,60,42
5,ChBo04,NT,2,Nest,1,ChBo04_FIT_2.5,10cm,2,0,8,0,90,0
1,ChBo04,NT,2,Control,0,NA,1m,41,0,7,0,52,45
1,ChBo04,NT,2,Control,0,NA,10cm,97,0,2,0,1,34
2,ChBo04,NT,2,Control,0,NA,1m,49,0,3,6,42,44
2,ChBo04,NT,2,Control,0,NA,10cm,96,0,0,0,4,41
3,ChBo04,NT,2,Control,0,NA,1m,48,0,3,0,49,45
3,ChBo04,NT,2,Control,0,NA,10cm,1,0,49,0,50,0
4,ChBo04,NT,2,Control,0,NA,1m,41,0,12,0,47,38
4,ChBo04,NT,2,Control,0,NA,10cm,22,0,43,0,35,26
5,ChBo04,NT,2,Control,0,NA,1m,40,0,6,0,54,40
5,ChBo04,NT,2,Control,0,NA,10cm,95,0,0,0,5,38
6,ChBo04,NT,2,Control,0,NA,1m,51,0,6,1,42,43
6,ChBo04,NT,2,Control,0,NA,10cm,95,0,0,0,5,39
7,ChBo04,NT,2,Control,0,NA,1m,39,0,2,4,55,41
7,ChBo04,NT,2,Control,0,NA,10cm,56,0,0,2,42,41
8,ChBo04,NT,2,Control,0,NA,1m,31,0,4,0,65,45
8,ChBo04,NT,2,Control,0,NA,10cm,92,0,0,0,8,39
9,ChBo04,NT,2,Control,0,NA,1m,51,0,4,0,45,42
9,ChBo04,NT,2,Control,0,NA,10cm,57,0,11,0,32,38
10,ChBo04,NT,2,Control,0,NA,1m,56,0,3,0,41,48
10,ChBo04,NT,2,Control,0,NA,10cm,79,0,0,0,21,40
1,BlDe01,CT,2,Nest,1,BlDe01_FIT_2.1,1m,30,0,0,12,58,47
1,BlDe01,CT,2,Nest,1,BlDe01_FIT_2.1,10cm,20,0,0,21,59,32
2,BlDe01,CT,2,Nest,1,BlDe01_FIT_2.2,1m,39,0,0,12,49,57
2,BlDe01,CT,2,Nest,1,BlDe01_FIT_2.2,10cm,20,0,0,4,76,39
3,BlDe01,CT,2,Nest,1,BlDe01_FIT_2.3,1m,33,0,0,12,55,54
3,BlDe01,CT,2,Nest,1,BlDe01_FIT_2.3,10cm,2,0,0,22,76,35
4,BlDe01,CT,2,Nest,1,BlDe01_FIT_2.4,1m,42,0,0,6,52,46
4,BlDe01,CT,2,Nest,1,BlDe01_FIT_2.4,10cm,10,0,0,22,68,39
5,BlDe01,CT,2,Nest,1,BlDe01_FIT_2.5,1m,41,0,0,13,46,53
5,BlDe01,CT,2,Nest,1,BlDe01_FIT_2.5,10cm,10,0,0,21,69,43
6,BlDe01,CT,2,Nest,1,BlDe01_FIT_2.6,1m,39,0,0,12,49,55
6,BlDe01,CT,2,Nest,1,BlDe01_FIT_2.6,10cm,17,0,0,13,70,39
7,BlDe01,CT,2,Nest,1,BlDe01_FIT_2.7,1m,40,0,0,10,50,48
7,BlDe01,CT,2,Nest,1,BlDe01_FIT_2.7,10cm,31,0,0,24,45,39
8,BlDe01,CT,2,Nest,1,BlDe01_FIT_2.8,1m,43,0,0,8,49,45
8,BlDe01,CT,2,Nest,1,BlDe01_FIT_2.8,10cm,9,0,0,20,71,37
9,BlDe01,CT,2,Nest,1,BlDe01_FIT_2.9,1m,29,0,0,9,62,53
9,BlDe01,CT,2,Nest,1,BlDe01_FIT_2.9,10cm,24,0,0,9,67,39
10,BlDe01,CT,2,Nest,1,BlDe01_FIT_2.10,1m,50,0,0,3,47,53
10,BlDe01,CT,2,Nest,1,BlDe01_FIT_2.10,10cm,30,0,0,9,61,38
1,BlDe01,CT,2,Control,0,NA,1m,31,0,0,12,57,50
1,BlDe01,CT,2,Control,0,NA,10cm,12,0,0,17,71,38
2,BlDe01,CT,2,Control,0,NA,1m,30,0,0,4,66,50
2,BlDe01,CT,2,Control,0,NA,10cm,15,0,0,2,83,6
3,BlDe01,CT,2,Control,0,NA,1m,44,0,0,12,44,55
3,BlDe01,CT,2,Control,0,NA,10cm,28,0,0,23,49,43
4,BlDe01,CT,2,Control,0,NA,1m,50,0,0,6,44,51
4,BlDe01,CT,2,Control,0,NA,10cm,3,0,0,54,43,4
5,BlDe01,CT,2,Control,0,NA,1m,32,0,0,8,60,52
5,BlDe01,CT,2,Control,0,NA,10cm,30,0,0,22,48,42
6,BlDe01,CT,2,Control,0,NA,1m,37,0,0,7,56,51
6,BlDe01,CT,2,Control,0,NA,10cm,46,0,0,5,49,49
7,BlDe01,CT,2,Control,0,NA,1m,49,0,0,10,41,58
7,BlDe01,CT,2,Control,0,NA,10cm,29,0,0,5,66,39
8,BlDe01,CT,2,Control,0,NA,1m,45,0,0,4,51,49
8,BlDe01,CT,2,Control,0,NA,10cm,65,0,0,5,30,46
9,BlDe01,CT,2,Control,0,NA,1m,27,0,0,9,64,52
9,BlDe01,CT,2,Control,0,NA,10cm,30,0,0,19,51,54
10,BlDe01,CT,2,Control,0,NA,1m,50,0,0,2,48,48
10,BlDe01,CT,2,Control,0,NA,10cm,58,0,0,0,42,42
1,NiSe03,CT,2,Nest,1,NiSe03_FIT_2.1,1m,41,0,0,4,55,36
1,NiSe03,CT,2,Nest,1,NiSe03_FIT_2.1,10cm,30,0,0,2,68,26
1,NiSe03,CT,2,Control,0,NA,1m,48,0,0,3,49,40
1,NiSe03,CT,2,Control,0,NA,10cm,79,0,0,0,21,35
2,NiSe03,CT,2,Control,0,NA,1m,47,0,0,2,51,38
2,NiSe03,CT,2,Control,0,NA,10cm,5,0,0,16,79,3
3,NiSe03,CT,2,Control,0,NA,1m,60,0,0,0,40,46
3,NiSe03,CT,2,Control,0,NA,10cm,77,0,0,0,23,34
4,NiSe03,CT,2,Control,0,NA,1m,68,0,0,0,32,44
4,NiSe03,CT,2,Control,0,NA,10cm,90,0,0,0,10,30
5,NiSe03,CT,2,Control,0,NA,1m,67,0,0,0,33,44
5,NiSe03,CT,2,Control,0,NA,10cm,81,0,0,0,19,39
6,NiSe03,CT,2,Control,0,NA,1m,75,0,0,0,25,50
6,NiSe03,CT,2,Control,0,NA,10cm,83,0,0,0,17,42
7,NiSe03,CT,2,Control,0,NA,1m,72,0,0,4,24,45
7,NiSe03,CT,2,Control,0,NA,10cm,81,0,0,0,19,33
8,NiSe03,CT,2,Control,0,NA,1m,63,0,0,0,37,37
8,NiSe03,CT,2,Control,0,NA,10cm,94,0,0,0,6,34
9,NiSe03,CT,2,Control,0,NA,1m,63,0,0,0,37,36
9,NiSe03,CT,2,Control,0,NA,10cm,76,0,0,0,24,32
10,NiSe03,CT,2,Control,0,NA,1m,32,0,0,2,66,27
10,NiSe03,CT,2,Control,0,NA,10cm,73,0,0,0,27,27
1,NiSe02,CT,2,Control,0,NA,1m,82,0,0,3,15,82
1,NiSe02,CT,2,Control,0,NA,10cm,72,0,0,0,28,61
2,NiSe02,CT,2,Control,0,NA,1m,65,0,0,1,34,74
2,NiSe02,CT,2,Control,0,NA,10cm,72,0,0,0,28,63
3,NiSe02,CT,2,Control,0,NA,1m,65,0,0,6,29,76
3,NiSe02,CT,2,Control,0,NA,10cm,78,0,0,0,22,71
4,NiSe02,CT,2,Control,0,NA,1m,78,0,0,0,22,77
4,NiSe02,CT,2,Control,0,NA,10cm,82,0,0,0,18,65
5,NiSe02,CT,2,Control,0,NA,1m,74,0,0,2,24,72
5,NiSe02,CT,2,Control,0,NA,10cm,82,0,0,0,18,69
6,NiSe02,CT,2,Control,0,NA,1m,77,0,0,4,19,75
6,NiSe02,CT,2,Control,0,NA,10cm,76,0,0,0,24,63
7,NiSe02,CT,2,Control,0,NA,1m,79,0,0,2,19,73
7,NiSe02,CT,2,Control,0,NA,10cm,87,0,0,0,13,55
8,NiSe02,CT,2,Control,0,NA,1m,74,0,0,2,24,71
8,NiSe02,CT,2,Control,0,NA,10cm,5,0,0,0,95,0
9,NiSe02,CT,2,Control,0,NA,1m,67,0,0,12,21,75
9,NiSe02,CT,2,Control,0,NA,10cm,23,0,0,3,74,9
10,NiSe02,CT,2,Control,0,NA,1m,80,0,0,0,20,81
10,NiSe02,CT,2,Control,0,NA,10cm,90,0,0,0,10,73
1,BlDe01,CT,1,Nest,1,BlDe01_FIT_1.1,1m,30,0,0,5,65,19.333333333333332
1,BlDe01,CT,1,Nest,1,BlDe01_FIT_1.1,10cm,16,1,0,5,78,14
1,BlDe01,CT,1,Control,0,NA,1m,40,0,0,8,52,22.666666666666668
1,BlDe01,CT,1,Control,0,NA,10cm,70,0,0,0,30,18
2,BlDe01,CT,1,Control,0,NA,1m,48,0,0,9,43,22.666666666666668
2,BlDe01,CT,1,Control,0,NA,10cm,23,0,0,12,65,8
3,BlDe01,CT,1,Control,0,NA,1m,37,0,0,14,49,20.333333333333332
3,BlDe01,CT,1,Control,0,NA,10cm,24,0,0,17,59,4
4,BlDe01,CT,1,Control,0,NA,1m,35,0,0,8,57,18.333333333333332
4,BlDe01,CT,1,Control,0,NA,10cm,34,0,0,21,45,17
5,BlDe01,CT,1,Control,0,NA,1m,40,0,0,16,44,19.666666666666668
5,BlDe01,CT,1,Control,0,NA,10cm,59,0,0,12,29,17
6,BlDe01,CT,1,Control,0,NA,1m,31,0,0,15,54,17.666666666666668
6,BlDe01,CT,1,Control,0,NA,10cm,31,0,0,12,57,18
7,BlDe01,CT,1,Control,0,NA,1m,43,0,0,20,37,18.333333333333332
7,BlDe01,CT,1,Control,0,NA,10cm,35,0,0,23,42,3
8,BlDe01,CT,1,Control,0,NA,1m,29,0,0,31,40,21.666666666666668
8,BlDe01,CT,1,Control,0,NA,10cm,8,0,0,53,39,5
9,BlDe01,CT,1,Control,0,NA,1m,47,0,0,25,28,20.666666666666668
9,BlDe01,CT,1,Control,0,NA,10cm,3,6,0,25,66,4
10,BlDe01,CT,1,Control,0,NA,1m,49,0,0,8,43,19
10,BlDe01,CT,1,Control,0,NA,10cm,13,0,0,8,79,13
1,DaDu02,NT,1,Control,0,NA,1m,40,0,37,0,23,14.25
1,DaDu02,NT,1,Control,0,NA,10cm,20,0,65,0,15,8
2,DaDu02,NT,1,Control,0,NA,1m,31,0,59,0,10,15.25
2,DaDu02,NT,1,Control,0,NA,10cm,61,0,22,1,16,12
3,DaDu02,NT,1,Control,0,NA,1m,29,0,53,0,18,15
3,DaDu02,NT,1,Control,0,NA,10cm,2,0,21,0,77,0
4,DaDu02,NT,1,Control,0,NA,1m,25,0,22,0,53,16
4,DaDu02,NT,1,Control,0,NA,10cm,5,0,40,0,55,0
5,DaDu02,NT,1,Control,0,NA,1m,48,0,44,0,8,16.25
5,DaDu02,NT,1,Control,0,NA,10cm,80,0,7,0,13,14
6,DaDu02,NT,1,Control,0,NA,1m,39,0,45,0,16,17
6,DaDu02,NT,1,Control,0,NA,10cm,85,0,3,0,12,15
7,DaDu02,NT,1,Control,0,NA,1m,15,0,63,0,22,11.5
7,DaDu02,NT,1,Control,0,NA,10cm,22,0,73,0,5,7
8,DaDu02,NT,1,Control,0,NA,1m,28,0,48,0,24,14.25
8,DaDu02,NT,1,Control,0,NA,10cm,24,0,47,0,29,0.5
9,DaDu02,NT,1,Control,0,NA,1m,35,3,29,0,33,15.75
9,DaDu02,NT,1,Control,0,NA,10cm,15,0,41,0,44,7
10,DaDu02,NT,1,Control,0,NA,1m,41,0,39,0,20,16.75
10,DaDu02,NT,1,Control,0,NA,10cm,10,0,79,0,11,0
1,DaDu06,NT,1,Control,0,NA,1m,25,0,6,0,69,21.75
1,DaDu06,NT,1,Control,0,NA,10cm,16,0,4,0,80,16
2,DaDu06,NT,1,Control,0,NA,1m,36,0,2,2,60,21.5
2,DaDu06,NT,1,Control,0,NA,10cm,23,0,2,2,73,16
3,DaDu06,NT,1,Control,0,NA,1m,29,0,6,3,62,21.5
3,DaDu06,NT,1,Control,0,NA,10cm,51,0,2,0,47,19
4,DaDu06,NT,1,Control,0,NA,1m,21,0,2,0,77,20
4,DaDu06,NT,1,Control,0,NA,10cm,19,2,5,0,74,19
5,DaDu06,NT,1,Control,0,NA,1m,41,2,4,0,53,24.25
5,DaDu06,NT,1,Control,0,NA,10cm,58,3,8,0,31,24
6,DaDu06,NT,1,Control,0,NA,1m,24,0,4,0,72,19.75
6,DaDu06,NT,1,Control,0,NA,10cm,22,0,3,0,75,18
7,DaDu06,NT,1,Control,0,NA,1m,22,0,4,0,74,18.25
7,DaDu06,NT,1,Control,0,NA,10cm,5,0,5,1,89,1
8,DaDu06,NT,1,Control,0,NA,1m,29,0,3,0,68,22
8,DaDu06,NT,1,Control,0,NA,10cm,6,0,0,0,94,15
9,DaDu06,NT,1,Control,0,NA,1m,38,0,2,2,58,23.25
9,DaDu06,NT,1,Control,0,NA,10cm,14,0,59,0,27,0.5
10,DaDu06,NT,1,Control,0,NA,1m,26,0,8,2,64,19.75
10,DaDu06,NT,1,Control,0,NA,10cm,2,0,0,0,98,0
4,DaDu06,NT,1,Nest,1,DaDu06_FIT_1.4,1m,30,0,2,2,66,22
4,DaDu06,NT,1,Nest,1,DaDu06_FIT_1.4,10cm,8,0,0,0,92,7
1,NiSe02,CT,1,Control,0,NA,1m,58,0,0,9,33,30.666666666666668
1,NiSe02,CT,1,Control,0,NA,10cm,98,0,0,0,2,35
2,NiSe02,CT,1,Control,0,NA,1m,45,0,0,0,55,29.333333333333332
2,NiSe02,CT,1,Control,0,NA,10cm,48,0,0,0,52,5
3,NiSe02,CT,1,Control,0,NA,1m,52,0,0,0,48,28.666666666666668
3,NiSe02,CT,1,Control,0,NA,10cm,4,0,0,1,95,1
4,NiSe02,CT,1,Control,0,NA,1m,51,0,0,3,46,31
4,NiSe02,CT,1,Control,0,NA,10cm,75,0,0,0,25,27
5,NiSe02,CT,1,Control,0,NA,1m,60,1,0,4,35,32.333333333333336
5,NiSe02,CT,1,Control,0,NA,10cm,51,0,0,0,49,30
6,NiSe02,CT,1,Control,0,NA,1m,47,0,0,6,47,32.666666666666664
6,NiSe02,CT,1,Control,0,NA,10cm,85,0,0,0,15,32
7,NiSe02,CT,1,Control,0,NA,1m,68,0,0,10,22,33.666666666666664
7,NiSe02,CT,1,Control,0,NA,10cm,74,0,0,0,26,35
8,NiSe02,CT,1,Control,0,NA,1m,56,0,0,2,42,31
8,NiSe02,CT,1,Control,0,NA,10cm,82,0,0,0,18,29
9,NiSe02,CT,1,Control,0,NA,1m,57,0,0,10,33,31.666666666666668
9,NiSe02,CT,1,Control,0,NA,10cm,78,0,0,0,22,28
10,NiSe02,CT,1,Control,0,NA,1m,63,0,0,0,37,33.666666666666664
10,NiSe02,CT,1,Control,0,NA,10cm,3,0,0,0,97,0
1,ChBo01,NT,1,Control,0,NA,1m,25,0,1,6,68,16.666666666666668
1,ChBo01,NT,1,Control,0,NA,10cm,1,0,2,39,58,3
2,ChBo01,NT,1,Control,0,NA,1m,41,0,3,12,44,18.666666666666668
2,ChBo01,NT,1,Control,0,NA,10cm,2,0,2,76,20,4
3,ChBo01,NT,1,Control,0,NA,1m,45,0,4,6,45,21
3,ChBo01,NT,1,Control,0,NA,10cm,67,0,0,3,30,16
4,ChBo01,NT,1,Control,0,NA,1m,42,0,3,10,45,23.333333333333332
4,ChBo01,NT,1,Control,0,NA,10cm,79,0,2,0,19,23
5,ChBo01,NT,1,Control,0,NA,1m,31,2,4,6,57,20.333333333333332
5,ChBo01,NT,1,Control,0,NA,10cm,90,0,0,0,10,23
6,ChBo01,NT,1,Control,0,NA,1m,40,3,4,8,45,22.333333333333332
6,ChBo01,NT,1,Control,0,NA,10cm,72,0,0,1,27,21
7,ChBo01,NT,1,Control,0,NA,1m,43,0,6,11,40,23.333333333333332
7,ChBo01,NT,1,Control,0,NA,10cm,20,0,3,15,62,3
8,ChBo01,NT,1,Control,0,NA,1m,34,0,2,12,52,20
8,ChBo01,NT,1,Control,0,NA,10cm,68,0,0,1,31,20
9,ChBo01,NT,1,Control,0,NA,1m,39,0,2,3,56,23.666666666666668
9,ChBo01,NT,1,Control,0,NA,10cm,10,0,5,2,83,0.5
10,ChBo01,NT,1,Control,0,NA,1m,35,0,8,12,45,20.333333333333332
10,ChBo01,NT,1,Control,0,NA,10cm,81,0,1,0,18,23
1,ChBo01,NT,1,Nest,1,ChBo01_FIT_1.1,1m,8,0,2,12,78,16.666666666666668
1,ChBo01,NT,1,Nest,1,ChBo01_FIT_1.1,10cm,2,1,0,8,89,1.5
2,ChBo01,NT,1,Nest,1,ChBo01_FIT_1.2,1m,27,0,3,7,63,15.666666666666666
2,ChBo01,NT,1,Nest,1,ChBo01_FIT_1.2,10cm,21,0,0,9,70,1.5
3,ChBo01,NT,1,Nest,1,ChBo01_FIT_1.3,1m,24,0,3,9,64,16
3,ChBo01,NT,1,Nest,1,ChBo01_FIT_1.3,10cm,1,0,1,28,70,3
1,NiSe03,CT,1,Control,0,NA,1m,18,0,0,2,80,10.666666666666666
1,NiSe03,CT,1,Control,0,NA,10cm,39,0,0,0,61,9
2,NiSe03,CT,1,Control,0,NA,1m,24,0,0,0,76,11
2,NiSe03,CT,1,Control,0,NA,10cm,32,0,0,0,68,7
3,NiSe03,CT,1,Control,0,NA,1m,28,0,0,0,72,12
3,NiSe03,CT,1,Control,0,NA,10cm,24,0,0,0,76,6
4,NiSe03,CT,1,Control,0,NA,1m,30,0,0,0,70,14.666666666666666
4,NiSe03,CT,1,Control,0,NA,10cm,6,0,0,0,94,0
5,NiSe03,CT,1,Control,0,NA,1m,35,0,0,0,65,15
5,NiSe03,CT,1,Control,0,NA,10cm,32,0,0,0,68,12
6,NiSe03,CT,1,Control,0,NA,1m,28,0,0,4,68,15
6,NiSe03,CT,1,Control,0,NA,10cm,11,0,0,0,89,6
7,NiSe03,CT,1,Control,0,NA,1m,10,0,0,0,90,10.666666666666666
7,NiSe03,CT,1,Control,0,NA,10cm,10,0,0,0,90,7
8,NiSe03,CT,1,Control,0,NA,1m,14,0,0,3,83,9
8,NiSe03,CT,1,Control,0,NA,10cm,35,0,0,0,65,8
9,NiSe03,CT,1,Control,0,NA,1m,6,0,0,0,94,7.666666666666667
9,NiSe03,CT,1,Control,0,NA,10cm,7,0,0,0,93,6
10,NiSe03,CT,1,Control,0,NA,1m,11,0,0,1,88,7.333333333333333
10,NiSe03,CT,1,Control,0,NA,10cm,17,0,0,0,83,6
1,ChBo04,NT,1,Nest,1,ChBo04_FIT_1.1,1m,20,1,4,0,75,23.333333333333332
1,ChBo04,NT,1,Nest,1,ChBo04_FIT_1.1,10cm,4,0,1,0,95,0
2,ChBo04,NT,1,Nest,1,ChBo04_FIT_1.2,1m,37,0,14,0,49,22.666666666666668
2,ChBo04,NT,1,Nest,1,ChBo04_FIT_1.2,10cm,1,0,65,0,34,0
3,ChBo04,NT,1,Nest,1,ChBo04_FIT_1.3,1m,41,0,15,0,44,21.333333333333332
3,ChBo04,NT,1,Nest,1,ChBo04_FIT_1.3,10cm,3,0,20,0,77,0
1,ChBo04,NT,1,Control,0,NA,1m,27,0,10,0,63,21.333333333333332
1,ChBo04,NT,1,Control,0,NA,10cm,27,0,24,0,49,14
2,ChBo04,NT,1,Control,0,NA,1m,39,0,19,0,42,20
2,ChBo04,NT,1,Control,0,NA,10cm,61,0,20,0,19,21
3,ChBo04,NT,1,Control,0,NA,1m,40,0,8,0,52,22
3,ChBo04,NT,1,Control,0,NA,10cm,25,0,8,0,67,16
4,ChBo04,NT,1,Control,0,NA,1m,48,0,22,0,30,22
4,ChBo04,NT,1,Control,0,NA,10cm,73,0,5,0,22,22
5,ChBo04,NT,1,Control,0,NA,1m,37,0,6,0,57,23.333333333333332
5,ChBo04,NT,1,Control,0,NA,10cm,5,0,46,0,49,0
6,ChBo04,NT,1,Control,0,NA,1m,32,0,6,0,62,24.666666666666668
6,ChBo04,NT,1,Control,0,NA,10cm,9,0,4,0,87,0
7,ChBo04,NT,1,Control,0,NA,1m,30,0,5,0,65,22.333333333333332
7,ChBo04,NT,1,Control,0,NA,10cm,48,0,8,2,42,20
8,ChBo04,NT,1,Control,0,NA,1m,23,0,10,0,67,20
8,ChBo04,NT,1,Control,0,NA,10cm,51,0,9,0,40,21
9,ChBo04,NT,1,Control,0,NA,1m,25,0,17,0,58,22.666666666666668
9,ChBo04,NT,1,Control,0,NA,10cm,15,0,13,0,72,2
10,ChBo04,NT,1,Control,0,NA,1m,30,0,4,0,66,24
10,ChBo04,NT,1,Control,0,NA,10cm,8,0,11,0,81,0
1,BlDe04,CT,1,Nest,1,BlDe04_FIT_1.1,1m,30,0,3,0,67,16.333333333333332
1,BlDe04,CT,1,Nest,1,BlDe04_FIT_1.1,10cm,5,0,4,0,91,7
7,BlDe04,CT,1,Nest,1,BlDe04_FIT_1.7,1m,31,0,0,0,69,19
7,BlDe04,CT,1,Nest,1,BlDe04_FIT_1.7,10cm,6,0,0,0,94,0
6,BlDe04,CT,1,Nest,1,BlDe04_FIT_1.6,1m,35,0,0,0,65,18.666666666666668
6,BlDe04,CT,1,Nest,1,BlDe04_FIT_1.6,10cm,40,0,10,0,50,17
8,BlDe04,CT,1,Nest,1,BlDe04_FIT_1.8,1m,25,0,0,0,75,20.666666666666668
8,BlDe04,CT,1,Nest,1,BlDe04_FIT_1.8,10cm,2,0,0,0,98,0
2,BlDe04,CT,1,Nest,1,BlDe04_FIT_1.2,1m,19,0,3,0,78,13.666666666666666
2,BlDe04,CT,1,Nest,1,BlDe04_FIT_1.2,10cm,3,0,6,0,91,6
5,BlDe04,CT,1,Nest,1,BlDe04_FIT_1.5,1m,24,0,1,0,75,15.333333333333334
5,BlDe04,CT,1,Nest,1,BlDe04_FIT_1.5,10cm,5,0,0,0,95,10
3,BlDe04,CT,1,Nest,1,BlDe04_FIT_1.3,1m,22,0,0,0,78,13
3,BlDe04,CT,1,Nest,1,BlDe04_FIT_1.3,10cm,3,0,2,0,95,0
4,BlDe04,CT,1,Nest,1,BlDe04_FIT_1.4,1m,19,0,2,0,79,12.333333333333334
4,BlDe04,CT,1,Nest,1,BlDe04_FIT_1.4,10cm,7,0,3,0,90,5
1,BlDe04,CT,1,Control,0,NA,1m,30,0,0,0,70,17.333333333333332
1,BlDe04,CT,1,Control,0,NA,10cm,70,0,0,0,30,14
2,BlDe04,CT,1,Control,0,NA,1m,31,0,0,0,69,20.333333333333332
2,BlDe04,CT,1,Control,0,NA,10cm,32,0,0,0,68,16
3,BlDe04,CT,1,Control,0,NA,1m,34,0,0,4,62,21
3,BlDe04,CT,1,Control,0,NA,10cm,51,0,0,0,49,20
4,BlDe04,CT,1,Control,0,NA,1m,39,0,0,0,61,22.333333333333332
4,BlDe04,CT,1,Control,0,NA,10cm,24,0,0,0,76,17
5,BlDe04,CT,1,Control,0,NA,1m,40,0,0,0,60,18.333333333333332
5,BlDe04,CT,1,Control,0,NA,10cm,24,0,0,0,76,6
6,BlDe04,CT,1,Control,0,NA,1m,38,0,0,0,62,19.666666666666668
6,BlDe04,CT,1,Control,0,NA,10cm,61,0,3,0,36,20
7,BlDe04,CT,1,Control,0,NA,1m,35,0,0,2,63,21.666666666666668
7,BlDe04,CT,1,Control,0,NA,10cm,26,0,0,0,74,18
8,BlDe04,CT,1,Control,0,NA,1m,31,0,0,0,69,17.333333333333332
8,BlDe04,CT,1,Control,0,NA,10cm,76,0,0,0,24,17
9,BlDe04,CT,1,Control,0,NA,1m,31,0,0,0,69,18.333333333333332
9,BlDe04,CT,1,Control,0,NA,10cm,3,0,1,1,95,3
10,BlDe04,CT,1,Control,0,NA,1m,37,0,0,1,62,20.666666666666668
10,BlDe04,CT,1,Control,0,NA,10cm,48,0,0,0,52,19
1,DaDu05,NT,1,Control,0,NA,1m,22,0,9,4,65,11.333333333333334
1,DaDu05,NT,1,Control,0,NA,10cm,7,0,5,2,86,5
2,DaDu05,NT,1,Control,0,NA,1m,5,0,10,4,81,8.666666666666666
2,DaDu05,NT,1,Control,0,NA,10cm,0,0,11,1,88,1
3,DaDu05,NT,1,Control,0,NA,1m,35,0,27,3,35,14.666666666666666
3,DaDu05,NT,1,Control,0,NA,10cm,65,0,4,0,31,13
4,DaDu05,NT,1,Control,0,NA,1m,28,3,7,2,60,11.666666666666666
4,DaDu05,NT,1,Control,0,NA,10cm,2,0,10,0,88,1.5
5,DaDu05,NT,1,Control,0,NA,1m,31,0,23,6,40,13.333333333333334
5,DaDu05,NT,1,Control,0,NA,10cm,53,0,15,0,32,11
6,DaDu05,NT,1,Control,0,NA,1m,26,0,18,5,51,12.333333333333334
6,DaDu05,NT,1,Control,0,NA,10cm,5,0,0,20,75,5
7,DaDu05,NT,1,Control,0,NA,1m,15,0,8,4,73,10.333333333333334
7,DaDu05,NT,1,Control,0,NA,10cm,29,0,0,0,71,7
8,DaDu05,NT,1,Control,0,NA,1m,8,0,41,7,44,11
8,DaDu05,NT,1,Control,0,NA,10cm,2,0,1,0,97,8
9,DaDu05,NT,1,Control,0,NA,1m,15,0,20,3,62,11.666666666666666
9,DaDu05,NT,1,Control,0,NA,10cm,2,0,29,5,64,1.5
10,DaDu05,NT,1,Control,0,NA,1m,39,4,14,5,38,13.666666666666666
10,DaDu05,NT,1,Control,0,NA,10cm,8,0,49,5,38,4
1,PaWe05,NT,2,Nest,1,PaWe05_FIT_2.1,1m,6,0,6,2,86,41
1,PaWe05,NT,2,Nest,1,PaWe05_FIT_2.1,10cm,1,0,5,1,93,3
2,PaWe05,NT,2,Nest,1,PaWe05_FIT_2.2,1m,23,0,6,0,71,44
2,PaWe05,NT,2,Nest,1,PaWe05_FIT_2.2,10cm,2,0,0,0,98,0
3,PaWe05,NT,2,Nest,1,PaWe05_FIT_2.3,1m,10,0,8,0,82,41
3,PaWe05,NT,2,Nest,1,PaWe05_FIT_2.3,10cm,2,0,2,0,96,7
4,PaWe05,NT,2,Nest,1,PaWe05_FIT_2.4,1m,8,0,8,2,82,37
4,PaWe05,NT,2,Nest,1,PaWe05_FIT_2.4,10cm,0,0,12,2,86,0.5
5,PaWe05,NT,2,Nest,1,PaWe05_FIT_2.5,1m,6,0,10,1,83,26
5,PaWe05,NT,2,Nest,1,PaWe05_FIT_2.5,10cm,1,0,7,3,89,1
6,PaWe05,NT,2,Nest,1,PaWe05_FIT_2.6,1m,6,0,8,1,85,37
6,PaWe05,NT,2,Nest,1,PaWe05_FIT_2.6,10cm,0,0,5,2,93,0.5
1,YvCh03,NT,2,Nest,1,YvCh03_FIT_2.1,1m,74,0,6,1,19,93
1,YvCh03,NT,2,Nest,1,YvCh03_FIT_2.1,10cm,3,0,24,0,73,0
2,YvCh03,NT,2,Nest,1,YvCh03_FIT_2.2,1m,65,0,10,2,23,91
2,YvCh03,NT,2,Nest,1,YvCh03_FIT_2.2,10cm,15,0,26,1,58,83
3,YvCh03,NT,2,Nest,1,YvCh03_FIT_2.3,1m,67,0,12,1,20,90
3,YvCh03,NT,2,Nest,1,YvCh03_FIT_2.3,10cm,2,0,38,0,60,0
1,YvCh03,NT,2,Control,0,NA,1m,81,0,5,2,12,96
1,YvCh03,NT,2,Control,0,NA,10cm,79,0,3,0,18,85
2,YvCh03,NT,2,Control,0,NA,1m,77,0,4,6,13,87
2,YvCh03,NT,2,Control,0,NA,10cm,5,73,0,0,22,2
3,YvCh03,NT,2,Control,0,NA,1m,67,0,14,2,17,88
3,YvCh03,NT,2,Control,0,NA,10cm,73,0,20,0,7,85
4,YvCh03,NT,2,Control,0,NA,1m,74,0,12,1,13,92
4,YvCh03,NT,2,Control,0,NA,10cm,12,0,70,0,18,80
5,YvCh03,NT,2,Control,0,NA,1m,60,0,14,2,24,76
5,YvCh03,NT,2,Control,0,NA,10cm,25,0,28,0,47,87
6,YvCh03,NT,2,Control,0,NA,1m,55,0,12,3,30,89
6,YvCh03,NT,2,Control,0,NA,10cm,63,0,17,0,20,3
7,YvCh03,NT,2,Control,0,NA,1m,68,0,12,0,20,92
7,YvCh03,NT,2,Control,0,NA,10cm,25,0,37,0,38,76
8,YvCh03,NT,2,Control,0,NA,1m,76,0,2,2,20,96
8,YvCh03,NT,2,Control,0,NA,10cm,68,0,0,0,32,85
9,YvCh03,NT,2,Control,0,NA,1m,71,0,9,0,20,86
9,YvCh03,NT,2,Control,0,NA,10cm,50,0,20,0,30,81
10,YvCh03,NT,2,Control,0,NA,1m,70,0,12,1,17,88
10,YvCh03,NT,2,Control,0,NA,10cm,58,0,24,4,14,76
1,DeJo03,CT,2,Control,0,NA,1m,69,0,0,0,31,88
1,DeJo03,CT,2,Control,0,NA,10cm,59,0,0,0,41,76
2,DeJo03,CT,2,Control,0,NA,1m,80,0,0,0,20,87
2,DeJo03,CT,2,Control,0,NA,10cm,67,0,0,0,33,81
3,DeJo03,CT,2,Control,0,NA,1m,80,0,0,0,20,91
3,DeJo03,CT,2,Control,0,NA,10cm,73,0,3,0,24,86
4,DeJo03,CT,2,Control,0,NA,1m,90,0,0,0,10,90
4,DeJo03,CT,2,Control,0,NA,10cm,45,0,0,0,55,81
5,DeJo03,CT,2,Control,0,NA,1m,60,0,0,2,38,86
5,DeJo03,CT,2,Control,0,NA,10cm,2,0,0,0,98,0
6,DeJo03,CT,2,Control,0,NA,1m,73,0,2,1,24,86
6,DeJo03,CT,2,Control,0,NA,10cm,78,0,0,0,22,73
7,DeJo03,CT,2,Control,0,NA,1m,68,0,0,3,29,74
7,DeJo03,CT,2,Control,0,NA,10cm,15,0,0,27,58,51
8,DeJo03,CT,2,Control,0,NA,1m,81,0,2,0,17,83
8,DeJo03,CT,2,Control,0,NA,10cm,51,0,7,0,42,71
9,DeJo03,CT,2,Control,0,NA,1m,81,0,0,0,19,92
9,DeJo03,CT,2,Control,0,NA,10cm,77,7,7,7,2,81
10,DeJo03,CT,2,Control,0,NA,1m,80,0,0,1,19,87
10,DeJo03,CT,2,Control,0,NA,10cm,47,0,0,0,53,71
1,DeJo03,CT,2,Nest,1,DeJo03_FIT_2.1,1m,61,0,0,0,39,92
1,DeJo03,CT,2,Nest,1,DeJo03_FIT_2.1,10cm,0,0,0,0,100,0
2,DeJo03,CT,2,Nest,1,DeJo03_FIT_2.2,1m,67,0,3,1,29,91
2,DeJo03,CT,2,Nest,1,DeJo03_FIT_2.2,10cm,0,0,0,1,99,0
3,DeJo03,CT,2,Nest,1,DeJo03_FIT_2.3,1m,60,0,0,2,38,87
3,DeJo03,CT,2,Nest,1,DeJo03_FIT_2.3,10cm,0,0,0,0,100,0
1,PaWe03,NT,2,Control,0,NA,1m,88,0,0,0,12,93
1,PaWe03,NT,2,Control,0,NA,10cm,96,0,0,0,4,86
2,PaWe03,NT,2,Control,0,NA,1m,72,1,6,4,17,84
2,PaWe03,NT,2,Control,0,NA,10cm,70,0,0,4,26,82
3,PaWe03,NT,2,Control,0,NA,1m,78,0,6,1,15,88
3,PaWe03,NT,2,Control,0,NA,10cm,80,0,0,0,20,74
4,PaWe03,NT,2,Control,0,NA,1m,90,0,0,0,10,91
4,PaWe03,NT,2,Control,0,NA,10cm,2,0,18,2,78,3
5,PaWe03,NT,2,Control,0,NA,1m,66,0,10,0,24,72
5,PaWe03,NT,2,Control,0,NA,10cm,74,0,0,0,26,66
6,PaWe03,NT,2,Control,0,NA,1m,68,1,9,1,21,74
6,PaWe03,NT,2,Control,0,NA,10cm,80,0,0,0,20,63
7,PaWe03,NT,2,Control,0,NA,1m,77,0,2,0,21,83
7,PaWe03,NT,2,Control,0,NA,10cm,22,0,47,0,31,77
8,PaWe03,NT,2,Control,0,NA,1m,63,1,8,2,26,81
8,PaWe03,NT,2,Control,0,NA,10cm,51,0,11,0,38,67
9,PaWe03,NT,2,Control,0,NA,1m,85,0,0,0,15,91
9,PaWe03,NT,2,Control,0,NA,10cm,51,0,24,0,25,78
10,PaWe03,NT,2,Control,0,NA,1m,62,1,6,2,29,88
10,PaWe03,NT,2,Control,0,NA,10cm,72,0,10,0,18,76
1,DeJo07,CT,2,Control,0,NA,1m,71,0,0,2,27,81
1,DeJo07,CT,2,Control,0,NA,10cm,79,0,0,0,21,73
2,DeJo07,CT,2,Control,0,NA,1m,76,0,0,2,22,85
2,DeJo07,CT,2,Control,0,NA,10cm,60,0,0,0,40,77
3,DeJo07,CT,2,Control,0,NA,1m,58,0,0,6,36,79
3,DeJo07,CT,2,Control,0,NA,10cm,73,0,0,2,25,67
4,DeJo07,CT,2,Control,0,NA,1m,76,0,0,4,20,79
4,DeJo07,CT,2,Control,0,NA,10cm,76,0,0,0,24,71
5,DeJo07,CT,2,Control,0,NA,1m,58,0,0,7,35,79
5,DeJo07,CT,2,Control,0,NA,10cm,78,0,0,0,22,70
6,DeJo07,CT,2,Control,0,NA,1m,73,0,0,4,23,78
6,DeJo07,CT,2,Control,0,NA,10cm,77,0,0,0,23,71
7,DeJo07,CT,2,Control,0,NA,1m,66,0,0,11,23,77
7,DeJo07,CT,2,Control,0,NA,10cm,5,0,0,18,77,8
8,DeJo07,CT,2,Control,0,NA,1m,47,0,0,4,49,75
8,DeJo07,CT,2,Control,0,NA,10cm,30,0,8,0,62,52
9,DeJo07,CT,2,Control,0,NA,1m,70,0,0,2,28,81
9,DeJo07,CT,2,Control,0,NA,10cm,34,0,0,2,64,76
10,DeJo07,CT,2,Control,0,NA,1m,60,0,0,6,34,75
10,DeJo07,CT,2,Control,0,NA,10cm,63,0,0,0,37,64
1,ChFa03,NT,2,Control,0,NA,1m,46,0,4,3,47,72
1,ChFa03,NT,2,Control,0,NA,10cm,12,0,20,2,66,64
2,ChFa03,NT,2,Control,0,NA,1m,63,0,0,0,37,81
2,ChFa03,NT,2,Control,0,NA,10cm,3,0,5,0,92,0
3,ChFa03,NT,2,Control,0,NA,1m,48,0,12,0,40,82
3,ChFa03,NT,2,Control,0,NA,10cm,29,0,23,0,48,67
4,ChFa03,NT,2,Control,0,NA,1m,58,0,0,0,42,75
4,ChFa03,NT,2,Control,0,NA,10cm,18,0,30,0,52,54
5,ChFa03,NT,2,Control,0,NA,1m,78,0,0,0,22,84
5,ChFa03,NT,2,Control,0,NA,10cm,72,0,0,0,28,78
6,ChFa03,NT,2,Control,0,NA,1m,77,0,0,0,23,86
6,ChFa03,NT,2,Control,0,NA,10cm,64,0,0,0,36,82
7,ChFa03,NT,2,Control,0,NA,1m,70,0,3,1,26,78
7,ChFa03,NT,2,Control,0,NA,10cm,5,2,8,15,70,45
8,ChFa03,NT,2,Control,0,NA,1m,62,0,0,0,38,80
8,ChFa03,NT,2,Control,0,NA,10cm,59,0,26,0,15,77
9,ChFa03,NT,2,Control,0,NA,1m,31,0,2,7,60,73
9,ChFa03,NT,2,Control,0,NA,10cm,11,1,10,27,51,43
10,ChFa03,NT,2,Control,0,NA,1m,51,0,7,0,42,77
10,ChFa03,NT,2,Control,0,NA,10cm,6,0,23,3,68,62
1,JoMe02,CT,2,Control,0,NA,1m,78,0,0,4,18,70
1,JoMe02,CT,2,Control,0,NA,10cm,56,0,0,0,44,59
2,JoMe02,CT,2,Control,0,NA,1m,76,0,0,5,19,62
2,JoMe02,CT,2,Control,0,NA,10cm,72,0,0,0,28,49
3,JoMe02,CT,2,Control,0,NA,1m,65,0,0,27,8,71
3,JoMe02,CT,2,Control,0,NA,10cm,97,0,0,0,3,59
4,JoMe02,CT,2,Control,0,NA,1m,82,0,0,0,18,71
4,JoMe02,CT,2,Control,0,NA,10cm,78,0,0,0,22,53
5,JoMe02,CT,2,Control,0,NA,1m,60,0,0,12,28,65
5,JoMe02,CT,2,Control,0,NA,10cm,78,0,0,0,22,52
6,JoMe02,CT,2,Control,0,NA,1m,65,0,0,0,35,68
6,JoMe02,CT,2,Control,0,NA,10cm,0,0,0,0,100,0
7,JoMe02,CT,2,Control,0,NA,1m,80,0,0,0,20,64
7,JoMe02,CT,2,Control,0,NA,10cm,29,0,0,0,71,39
8,JoMe02,CT,2,Control,0,NA,1m,69,0,0,8,23,64
8,JoMe02,CT,2,Control,0,NA,10cm,49,0,0,0,51,54
9,JoMe02,CT,2,Control,0,NA,1m,49,0,0,3,48,57
9,JoMe02,CT,2,Control,0,NA,10cm,28,0,0,0,72,33
10,JoMe02,CT,2,Control,0,NA,1m,79,0,0,2,19,62
10,JoMe02,CT,2,Control,0,NA,10cm,71,0,0,0,29,51
1,JoMe05,CT,2,Nest,1,JoMe05_FIT_2.1,1m,24,0,0,1,75,47
1,JoMe05,CT,2,Nest,1,JoMe05_FIT_2.1,10cm,16,0,0,1,83,29
2,JoMe05,CT,2,Nest,1,JoMe05_FIT_2.2,1m,37,0,0,5,58,48
2,JoMe05,CT,2,Nest,1,JoMe05_FIT_2.2,10cm,4,0,0,0,96,2
1,JoMe05,CT,2,Control,0,NA,1m,34,0,0,4,62,62
1,JoMe05,CT,2,Control,0,NA,10cm,78,0,0,0,22,35
2,JoMe05,CT,2,Control,0,NA,1m,72,0,0,12,16,76
2,JoMe05,CT,2,Control,0,NA,10cm,76,0,0,0,24,48
10,JoMe05,CT,2,Control,0,NA,1m,64,0,0,8,28,59
10,JoMe05,CT,2,Control,0,NA,10cm,76,0,0,0,24,47
3,JoMe05,CT,2,Control,0,NA,1m,50,0,2,12,36,64
3,JoMe05,CT,2,Control,0,NA,10cm,78,0,0,5,17,62
4,JoMe05,CT,2,Control,0,NA,1m,72,0,0,4,24,70
4,JoMe05,CT,2,Control,0,NA,10cm,72,0,0,0,28,49
5,JoMe05,CT,2,Control,0,NA,1m,71,0,0,6,23,63
5,JoMe05,CT,2,Control,0,NA,10cm,54,0,0,10,36,44
6,JoMe05,CT,2,Control,0,NA,1m,65,0,0,6,29,65
6,JoMe05,CT,2,Control,0,NA,10cm,97,0,0,0,3,59
7,JoMe05,CT,2,Control,0,NA,1m,78,0,0,6,16,65
7,JoMe05,CT,2,Control,0,NA,10cm,81,0,0,7,12,40
8,JoMe05,CT,2,Control,0,NA,1m,70,0,0,8,22,70
8,JoMe05,CT,2,Control,0,NA,10cm,83,0,0,0,17,41
9,JoMe05,CT,2,Control,0,NA,1m,50,0,0,2,48,56
9,JoMe05,CT,2,Control,0,NA,10cm,52,0,0,0,48,35
1,PaWe05,NT,2,Control,0,NA,1m,35,0,6,0,59,60
1,PaWe05,NT,2,Control,0,NA,10cm,3,0,22,0,75,3
2,PaWe05,NT,2,Control,0,NA,1m,41,0,0,2,57,52
2,PaWe05,NT,2,Control,0,NA,10cm,53,0,0,2,45,42
3,PaWe05,NT,2,Control,0,NA,1m,12,0,12,0,76,44
3,PaWe05,NT,2,Control,0,NA,10cm,5,0,47,2,46,13
4,PaWe05,NT,2,Control,0,NA,1m,19,0,8,1,72,46
4,PaWe05,NT,2,Control,0,NA,10cm,0,0,4,0,96,0
5,PaWe05,NT,2,Control,0,NA,1m,10,0,9,0,81,38
5,PaWe05,NT,2,Control,0,NA,10cm,68,0,0,0,32,29
6,PaWe05,NT,2,Control,0,NA,1m,30,0,12,0,58,49
6,PaWe05,NT,2,Control,0,NA,10cm,50,0,14,0,36,37
7,PaWe05,NT,2,Control,0,NA,1m,38,0,18,1,43,60
7,PaWe05,NT,2,Control,0,NA,10cm,54,0,12,0,34,46
8,PaWe05,NT,2,Control,0,NA,1m,49,0,10,0,41,56
8,PaWe05,NT,2,Control,0,NA,10cm,27,0,0,1,72,51
9,PaWe05,NT,2,Control,0,NA,1m,51,0,7,0,42,54
9,PaWe05,NT,2,Control,0,NA,10cm,75,0,0,0,25,47
10,PaWe05,NT,2,Control,0,NA,1m,50,0,5,0,45,55
10,PaWe05,NT,2,Control,0,NA,10cm,13,0,10,0,77,4
1,JaBu01,NT,2,Control,0,NA,1m,51,3,10,1,35,80
1,JaBu01,NT,2,Control,0,NA,10cm,44,0,30,0,26,73
2,JaBu01,NT,2,Control,0,NA,1m,65,0,10,0,25,86
2,JaBu01,NT,2,Control,0,NA,10cm,2,12,15,6,65,3
3,JaBu01,NT,2,Control,0,NA,1m,48,2,14,0,36,82
3,JaBu01,NT,2,Control,0,NA,10cm,60,0,16,0,24,73
4,JaBu01,NT,2,Control,0,NA,1m,58,0,19,0,23,179
4,JaBu01,NT,2,Control,0,NA,10cm,2,2,68,0,28,80
5,JaBu01,NT,2,Control,0,NA,1m,57,0,16,0,27,83
5,JaBu01,NT,2,Control,0,NA,10cm,2,10,57,0,31,0
6,JaBu01,NT,2,Control,0,NA,1m,58,0,15,0,27,145
6,JaBu01,NT,2,Control,0,NA,10cm,65,0,0,0,35,69
7,JaBu01,NT,2,Control,0,NA,1m,46,2,14,2,36,79
7,JaBu01,NT,2,Control,0,NA,10cm,57,0,16,0,27,76
8,JaBu01,NT,2,Control,0,NA,1m,64,0,7,2,27,148
8,JaBu01,NT,2,Control,0,NA,10cm,63,0,18,0,19,69
9,JaBu01,NT,2,Control,0,NA,1m,53,0,6,2,39,81
9,JaBu01,NT,2,Control,0,NA,10cm,29,5,26,0,40,76
10,JaBu01,NT,2,Control,0,NA,1m,65,0,8,2,25,152
10,JaBu01,NT,2,Control,0,NA,10cm,5,0,62,0,33,0
1,JoDe01,CT,2,Control,0,NA,1m,85,0,0,0,15,101
1,JoDe01,CT,2,Control,0,NA,10cm,74,0,0,0,26,92
2,JoDe01,CT,2,Control,0,NA,1m,87,0,0,0,13,103
2,JoDe01,CT,2,Control,0,NA,10cm,84,0,0,0,16,92
3,JoDe01,CT,2,Control,0,NA,1m,62,0,0,1,37,93
3,JoDe01,CT,2,Control,0,NA,10cm,57,0,0,0,43,85
4,JoDe01,CT,2,Control,0,NA,1m,82,0,0,0,18,94
4,JoDe01,CT,2,Control,0,NA,10cm,90,0,0,0,10,92
5,JoDe01,CT,2,Control,0,NA,1m,70,0,0,0,30,98
5,JoDe01,CT,2,Control,0,NA,10cm,60,0,0,0,40,96
6,JoDe01,CT,2,Control,0,NA,1m,77,0,0,0,23,97
6,JoDe01,CT,2,Control,0,NA,10cm,56,0,0,0,44,88
7,JoDe01,CT,2,Control,0,NA,1m,77,0,0,1,22,99
7,JoDe01,CT,2,Control,0,NA,10cm,10,7,0,12,71,90
8,JoDe01,CT,2,Control,0,NA,1m,81,0,0,0,19,104
8,JoDe01,CT,2,Control,0,NA,10cm,29,0,0,6,65,94
9,JoDe01,CT,2,Control,0,NA,1m,79,0,0,1,20,99
9,JoDe01,CT,2,Control,0,NA,10cm,80,4,0,0,16,91
10,JoDe01,CT,2,Control,0,NA,1m,80,0,0,0,20,99
10,JoDe01,CT,2,Control,0,NA,10cm,46,0,0,5,49,90
1,LuHe01,NT,2,Control,0,NA,1m,29,0,1,33,37,85
1,LuHe01,NT,2,Control,0,NA,10cm,46,0,1,15,38,67
2,LuHe01,NT,2,Control,0,NA,1m,35,0,0,40,25,95
2,LuHe01,NT,2,Control,0,NA,10cm,44,0,0,0,56,85
3,LuHe01,NT,2,Control,0,NA,1m,60,0,2,0,38,86
3,LuHe01,NT,2,Control,0,NA,10cm,0,0,0,0,100,0
4,LuHe01,NT,2,Control,0,NA,1m,42,0,6,12,40,84
4,LuHe01,NT,2,Control,0,NA,10cm,72,0,0,0,28,72
5,LuHe01,NT,2,Control,0,NA,1m,47,0,4,0,49,93
5,LuHe01,NT,2,Control,0,NA,10cm,25,0,4,0,71,82
6,LuHe01,NT,2,Control,0,NA,1m,22,0,0,31,47,77
6,LuHe01,NT,2,Control,0,NA,10cm,5,0,0,52,43,57
7,LuHe01,NT,2,Control,0,NA,1m,17,0,0,57,26,79
7,LuHe01,NT,2,Control,0,NA,10cm,33,0,0,7,60,67
8,LuHe01,NT,2,Control,0,NA,1m,49,0,2,12,37,83
8,LuHe01,NT,2,Control,0,NA,10cm,20,0,11,1,68,77
9,LuHe01,NT,2,Control,0,NA,1m,46,0,0,20,34,89
9,LuHe01,NT,2,Control,0,NA,10cm,60,0,0,0,40,83
10,LuHe01,NT,2,Control,0,NA,1m,43,0,0,35,22,95
10,LuHe01,NT,2,Control,0,NA,10cm,60,0,13,0,27,92
1,LuHe01,NT,2,Nest,1,LuHe01_FIT_2.1,1m,24,0,1,27,48,80
1,LuHe01,NT,2,Nest,1,LuHe01_FIT_2.1,10cm,2,0,9,4,85,23
2,LuHe01,NT,2,Nest,1,LuHe01_FIT_2.2,1m,39,0,0,19,42,80
2,LuHe01,NT,2,Nest,1,LuHe01_FIT_2.2,10cm,2,0,10,11,77,3
1,SeCr01,CT,2,Control,0,NA,1m,70,0,0,3,27,78
1,SeCr01,CT,2,Control,0,NA,10cm,48,0,0,0,52,73
2,SeCr01,CT,2,Control,0,NA,1m,81,0,0,0,19,76
2,SeCr01,CT,2,Control,0,NA,10cm,72,0,0,0,28,73
3,SeCr01,CT,2,Control,0,NA,1m,82,0,0,0,18,79
3,SeCr01,CT,2,Control,0,NA,10cm,53,0,0,0,47,72
4,SeCr01,CT,2,Control,0,NA,1m,82,0,0,0,18,81
4,SeCr01,CT,2,Control,0,NA,10cm,50,0,0,0,50,79
5,SeCr01,CT,2,Control,0,NA,1m,82,0,0,0,18,80
5,SeCr01,CT,2,Control,0,NA,10cm,29,0,0,0,71,76
6,SeCr01,CT,2,Control,0,NA,1m,79,0,0,0,21,81
6,SeCr01,CT,2,Control,0,NA,10cm,15,0,0,1,84,68
7,SeCr01,CT,2,Control,0,NA,1m,79,0,0,0,21,81
7,SeCr01,CT,2,Control,0,NA,10cm,30,0,0,0,70,78
8,SeCr01,CT,2,Control,0,NA,1m,81,0,0,0,19,85
8,SeCr01,CT,2,Control,0,NA,10cm,79,0,0,0,21,85
9,SeCr01,CT,2,Control,0,NA,1m,79,0,0,0,21,81
9,SeCr01,CT,2,Control,0,NA,10cm,69,0,0,0,31,74
10,SeCr01,CT,2,Control,0,NA,1m,76,0,0,0,24,84
10,SeCr01,CT,2,Control,0,NA,10cm,30,0,0,0,70,75
1,SyPi01,CT,2,Control,0,NA,1m,85,0,0,1,14,69
1,SyPi01,CT,2,Control,0,NA,10cm,38,0,0,0,62,58
2,SyPi01,CT,2,Control,0,NA,1m,76,0,0,2,22,73
2,SyPi01,CT,2,Control,0,NA,10cm,72,0,0,0,28,69
3,SyPi01,CT,2,Control,0,NA,1m,84,0,0,0,16,78
3,SyPi01,CT,2,Control,0,NA,10cm,60,0,0,0,40,74
4,SyPi01,CT,2,Control,0,NA,1m,83,0,0,0,17,81
4,SyPi01,CT,2,Control,0,NA,10cm,56,0,0,0,44,77
5,SyPi01,CT,2,Control,0,NA,1m,83,0,0,0,17,73
5,SyPi01,CT,2,Control,0,NA,10cm,58,0,0,0,42,65
6,SyPi01,CT,2,Control,0,NA,1m,85,0,0,0,15,79
6,SyPi01,CT,2,Control,0,NA,10cm,68,0,0,0,32,73
7,SyPi01,CT,2,Control,0,NA,1m,82,0,0,0,18,76
7,SyPi01,CT,2,Control,0,NA,10cm,5,0,0,1,94,0
8,SyPi01,CT,2,Control,0,NA,1m,84,0,0,0,16,76
8,SyPi01,CT,2,Control,0,NA,10cm,73,0,0,0,27,72
9,SyPi01,CT,2,Control,0,NA,1m,81,0,0,0,19,80
9,SyPi01,CT,2,Control,0,NA,10cm,80,0,0,0,20,68
10,SyPi01,CT,2,Control,0,NA,1m,83,0,0,0,17,72
10,SyPi01,CT,2,Control,0,NA,10cm,63,0,18,0,19,62
1,StTe05,NT,2,Control,0,NA,1m,40,0,12,8,40,63
1,StTe05,NT,2,Control,0,NA,10cm,59,0,8,0,33,59
2,StTe05,NT,2,Control,0,NA,1m,26,0,0,2,72,65
2,StTe05,NT,2,Control,0,NA,10cm,2,0,11,0,87,21
3,StTe05,NT,2,Control,0,NA,1m,55,0,14,7,24,69
3,StTe05,NT,2,Control,0,NA,10cm,52,0,8,0,40,51
4,StTe05,NT,2,Control,0,NA,1m,68,0,4,6,22,74
4,StTe05,NT,2,Control,0,NA,10cm,4,0,4,0,92,7
5,StTe05,NT,2,Control,0,NA,1m,52,0,4,3,41,68
5,StTe05,NT,2,Control,0,NA,10cm,84,0,0,0,16,61
6,StTe05,NT,2,Control,0,NA,1m,63,0,4,0,33,65
6,StTe05,NT,2,Control,0,NA,10cm,68,0,7,0,25,62
7,StTe05,NT,2,Control,0,NA,1m,62,0,6,0,32,69
7,StTe05,NT,2,Control,0,NA,10cm,61,0,0,0,39,62
8,StTe05,NT,2,Control,0,NA,1m,61,0,6,0,33,68
8,StTe05,NT,2,Control,0,NA,10cm,11,0,3,0,86,29
9,StTe05,NT,2,Control,0,NA,1m,58,0,10,11,21,61
9,StTe05,NT,2,Control,0,NA,10cm,52,4,17,0,27,53
10,StTe05,NT,2,Control,0,NA,1m,65,0,7,8,20,64
10,StTe05,NT,2,Control,0,NA,10cm,22,0,54,0,24,56
